MPN,manufacturer,quantity_fitted,quantity_optional,references,value,footprint,source_url,basis,status,checked_date
1711725,Phoenix Contact,1,0,J301,DUMP RESISTOR,TerminalBlock_Phoenix:TerminalBlock_Phoenix_MKDS-3-2-5.08_1x02_P5.08mm_Horizontal,https://www.phoenixcontact.com/en-us/products/printed-circuit-board-terminal-mkds-3-2-508-1711725,MKDS3_2_5p08_24A,part_spec_checked,2026-09-28
"2N7002P,215",Nexperia,1,0,Q302,2N7002,Package_TO_SOT_SMD:SOT-23,https://assets.nexperia.com/documents/data-sheet/2N7002P.pdf,SOT23_1gate_2source_3drain,part_spec_checked,2026-09-28
ABM3-8.000MHZ-D2Y-T,Abracon,1,0,Y501,8MHz / CL18p,Crystal:Crystal_SMD_Abracon_ABM3-2Pin_5.0x3.2mm,https://abracon.com/Resonators/ABM3.pdf,8MHz_18pF_140ohm_5032_two_pad,part_spec_checked,2026-09-28
"BAT54H,115",Nexperia,2,0,D302 D303,BAT54H,Diode_SMD:D_SOD-123F,https://assets.nexperia.com/documents/data-sheet/BAT54H.pdf,SOD123F_30V_pin1_cathode,part_spec_checked,2026-09-28
"BAV199,215",Nexperia,8,0,D801 D811 D821 D831 D850 D855 D886 D889,BAV199,Package_TO_SOT_SMD:SOT-23,https://assets.nexperia.com/documents/data-sheet/BAV199.pdf,SOT23_1anode_2cathode_3junction,part_spec_checked,2026-09-28
BLM18KG601SN1D,Murata,1,0,FB501,600R @ 100MHz,Inductor_SMD:L_0603_1608Metric,https://www.murata.com/products/productdata/8796738650142/ENFA0003.pdf,600ohm_0603_DCR_0p15_initial_0p165_after_test,part_spec_checked,2026-09-28
BM02B-GHS-TBT(LF)(SN),JST,2,0,J805 J806,NTC_MOTOR,Connector_JST:JST_GH_BM02B-GHS-TBT_1x02-1MP_P1.25mm_Vertical,https://www.jst.com/wp-content/uploads/2021/08/eGH.pdf,top_entry_GH_1p25_pad_geometry_and_pin1_orientation,part_spec_checked,2026-09-28
BM03B-GHS-TBT(LF)(SN),JST,5,0,J701 J801 J802 J803 J804,CAN,Connector_JST:JST_GH_BM03B-GHS-TBT_1x03-1MP_P1.25mm_Vertical,https://www.jst.com/wp-content/uploads/2021/08/eGH.pdf,top_entry_GH_1p25_pad_geometry_and_pin1_orientation,part_spec_checked,2026-09-28
BM04B-GHS-TBT(LF)(SN),JST,1,0,J702,UART / 3V3,Connector_JST:JST_GH_BM04B-GHS-TBT_1x04-1MP_P1.25mm_Vertical,https://www.jst.com/wp-content/uploads/2021/08/eGH.pdf,top_entry_GH_1p25_pad_geometry_and_pin1_orientation,part_spec_checked,2026-09-28
BM05B-GHS-TBT(LF)(SN),JST,2,0,J601 J602,HALL,Connector_JST:JST_GH_BM05B-GHS-TBT_1x05-1MP_P1.25mm_Vertical,https://www.jst.com/wp-content/uploads/2021/08/eGH.pdf,top_entry_GH_1p25_pad_geometry_and_pin1_orientation,part_spec_checked,2026-09-28
C0603C101J5GACTU,KEMET,7,0,C312 C610 C611 C612 C613 C614 C615,100p 50V,Capacitor_SMD:C_0603_1608Metric,https://search.kemet.com/component-documentation/download/specsheet/C0603C101J5GACTU,manufacturer_part_spec_value_voltage_case,part_spec_checked,2026-09-28
C0603C102J5GACTU,KEMET,19,0,C213 C214 C233 C234 C253 C254 C301 C308 C802 C812 C822 C832 C865 C868 C871 C852 C857 C888 C891,1n 50V,Capacitor_SMD:C_0603_1608Metric,https://search.kemet.com/component-documentation/download/specsheet/C0603C102J5GACTU,manufacturer_part_spec_value_voltage_case,part_spec_checked,2026-09-28
C0603C103K5RACTU,KEMET,13,0,C310 C117 C110 C111 C112 C705 C850 C855 C880 C883 C886 C889 C899,10n 50V,Capacitor_SMD:C_0603_1608Metric,https://search.kemet.com/component-documentation/download/specsheet/C0603C103K5RACTU,manufacturer_part_spec_value_voltage_case,part_spec_checked,2026-09-28
C0603C104K1RACTU,KEMET,1,0,C202,100n 100V,Capacitor_SMD:C_0603_1608Metric,https://search.kemet.com/component-documentation/download/specsheet/C0603C104K1RACTU,manufacturer_part_spec_value_voltage_case,part_spec_checked,2026-09-28
C0603C104K5RACTU,KEMET,48,0,C207 C212 C232 C252 C413 C501 C502 C503 C504 C505 C508 C509 C511 C512 C515 C302 C303 C313 C304 C306 C307 C309 C311 C601 C603 C605 C606 C701 C703 C711 C712 C713 C714 C715 C716 C717 C718 C704 C113 C114 C516 C517 C840 C845 C719 C720 C847 C848,100n 50V,Capacitor_SMD:C_0603_1608Metric,https://search.kemet.com/component-documentation/download/specsheet/C0603C104K5RACTU,manufacturer_part_spec_value_voltage_case,part_spec_checked,2026-09-28
C0603C105K4RACTU,KEMET,10,0,C206 C408 C409 C411 C510 C314 C305 C602 C604 C706,1u 16V,Capacitor_SMD:C_0603_1608Metric,https://search.kemet.com/component-documentation/download/specsheet/C0603C105K4RACTU,manufacturer_part_spec_value_voltage_case,part_spec_checked,2026-09-28
C0603C221J5GACTU,KEMET,4,0,C801 C811 C821 C831,220p 50V,Capacitor_SMD:C_0603_1608Metric,https://search.kemet.com/component-documentation/download/specsheet/C0603C221J5GACTU,manufacturer_part_spec_value_voltage_case,part_spec_checked,2026-09-28
C0603C222J5GACTU,KEMET,2,0,C403 C406,2.2n 50V,Capacitor_SMD:C_0603_1608Metric,https://search.kemet.com/component-documentation/download/specsheet/C0603C222J5GACTU,manufacturer_part_spec_value_voltage_case,part_spec_checked,2026-09-28
C0603C270J5GACTU,KEMET,2,0,C513 C514,27p 50V,Capacitor_SMD:C_0603_1608Metric,https://search.kemet.com/component-documentation/download/specsheet/C0603C270J5GACTU,manufacturer_part_spec_value_voltage_case,part_spec_checked,2026-09-28
C0603C473K5RACTU,KEMET,1,0,C702,47n 50V,Capacitor_SMD:C_0603_1608Metric,https://search.kemet.com/component-documentation/download/specsheet/C0603C473K5RACTU,manufacturer_part_spec_value_voltage_case,part_spec_checked,2026-09-28
C0603C820J5GACTU,KEMET,1,0,C407,82p 50V,Capacitor_SMD:C_0603_1608Metric,https://search.kemet.com/component-documentation/download/specsheet/C0603C820J5GACTU,manufacturer_part_spec_value_voltage_case,part_spec_checked,2026-09-28
C0805C102J1GACTU,KEMET,0,3,C215 C235 C255,1n 100V,Capacitor_SMD:C_0805_2012Metric,https://search.kemet.com/component-documentation/download/specsheet/C0805C102J1GACTU,manufacturer_part_spec_value_voltage_case,part_spec_checked,2026-09-28
C0805C105K3RACTU,KEMET,1,0,C205,1u 25V,Capacitor_SMD:C_0805_2012Metric,https://search.kemet.com/component-documentation/download/specsheet/C0805C105K3RACTU,manufacturer_part_spec_value_voltage_case,part_spec_checked,2026-09-28
C0805C473K1RACTU,KEMET,1,0,C203,47n 100V,Capacitor_SMD:C_0805_2012Metric,https://search.kemet.com/component-documentation/download/specsheet/C0805C473K1RACTU,manufacturer_part_spec_value_voltage_case,part_spec_checked,2026-09-28
C0805C475K3RACTU,KEMET,4,0,C410 C412 C506 C507,4.7u 25V,Capacitor_SMD:C_0805_2012Metric,https://search.kemet.com/component-documentation/download/specsheet/C0805C475K3RACTU,manufacturer_part_spec_value_voltage_case,part_spec_checked,2026-09-28
C1206C472KDRACTU,KEMET,1,0,C109,4.7n 1kV,Capacitor_SMD:C_1206_3216Metric,https://search.kemet.com/component-documentation/download/specsheet/C1206C472KDRACTU,manufacturer_part_spec_value_voltage_case,part_spec_checked,2026-09-28
C3216X7R1H105K160AB,TDK,1,0,C204,1u 50V,Capacitor_SMD:C_1206_3216Metric,https://product.tdk.com/en/search/capacitor/ceramic/mlcc/info?part_no=C3216X7R1H105K160AB,production_1uF_50V_1206_X7R,part_spec_checked,2026-09-28
C3216X7R2A105K160AA,TDK,6,0,C210 C211 C230 C231 C250 C251,1u 100V,Capacitor_SMD:C_1206_3216Metric,https://product.tdk.com/info/en/documents/chara_sheet/C3216X7R2A105K160AA.pdf,production_1uF_100V_1206_X7R,part_spec_checked,2026-09-28
CGA6N3X7R2A225K230AB,TDK,2,0,C401 C402,2.2u 100V,Capacitor_SMD:C_1210_3225Metric,https://product.tdk.com/en/search/capacitor/ceramic/mlcc/info?part_no=CGA6N3X7R2A225K230AB,2u2_100V_1210,part_spec_checked,2026-09-28
CSS4J-4026R-1L00F,Bourns,3,0,R214 R234 R254,1m 1% 8W,bldc-esc:CSS4J_4026,https://www.bourns.com/docs/product-datasheets/css4j-4026.pdf,1mohm_8W_four_terminal_custom_land_pattern,part_spec_checked,2026-09-28
DRV8353SRTAT,Texas Instruments,1,0,U201,DRV8353SRTAT,bldc-esc:DRV8353_RTA0040B,https://www.ti.com/lit/ds/symlink/drv8353.pdf,manufacturer_orderable_table_and_package_pin_audit,part_spec_checked,2026-09-28
EEUFC1J220,Panasonic,1,0,C201,22u 63V,Capacitor_THT:CP_Radial_D6.3mm_P2.50mm,https://industrial.panasonic.com/sa/products/pt/aluminum-cap-lead/models/EEUFC1J220,22uF_63V_6p3x11p2_P2p5,part_spec_checked,2026-09-28
FTSH-105-01-L-DV-007-K,Samtec,1,0,J501,SWD / KEY 7,bldc-esc:FTSH_105_DV_007_K,https://www.samtec.com/products/ftsh-105-01-l-dv-007-k,9contacts_pin7_omitted_DV_land_revH,part_spec_checked,2026-09-28
GXC1J101MCW1GS,Nichicon,10,0,C101 C102 C103 C104 C105 C106 C107 C115 C108 C116,100u 63V,Capacitor_SMD:CP_Elec_10x12.5,https://www.nichicon.com/getmedia/80ac7576-2849-44de-b0a7-72796c2034f3/e-gxc.pdf,63V_100uF_10x12p5_ripple_row,part_spec_checked,2026-09-28
INA180A1IDBVR,Texas Instruments,1,0,U303,INA180A1IDBVR,Package_TO_SOT_SMD:SOT-23-5,https://www.ti.com/lit/ds/symlink/ina180.pdf,manufacturer_orderable_table_and_package_pin_audit,part_spec_checked,2026-09-28
INA241A2IDR,Texas Instruments,3,0,U202 U203 U204,INA241A2IDR,Package_SO:SOIC-8_3.9x4.9mm_P1.27mm,https://www.ti.com/lit/ds/symlink/ina241a.pdf,manufacturer_orderable_table_and_package_pin_audit,part_spec_checked,2026-09-28
ISC011N06LM5ATMA1,Infineon,7,0,Q201 Q202 Q203 Q204 Q205 Q206 Q301,ISC011N06LM5,Package_SON:Infineon_PG-TDSON-8_6.15x5.15mm,https://www.infineon.com/assets/row/public/documents/24/49/infineon-isc011n06lm5-datasheet-en.pdf,60V_PG_TDSON8_pinout_and_ratings,part_spec_checked,2026-09-28
LM5164DDAR,Texas Instruments,1,0,U401,LM5164DDAR,Package_SO:HSOP-8-1EP_3.9x4.9mm_P1.27mm_EP2.41x3.1mm_ThermalVias,https://www.ti.com/lit/ds/symlink/lm5164.pdf,manufacturer_orderable_table_and_package_pin_audit,part_spec_checked,2026-09-28
LTST-C190KGKT,Lite-On,3,0,D511 D512 D513,STATUS,LED_SMD:LED_0603_1608Metric,https://optoelectronics.liteon.com/upload/download/DS22-2000-074/LTST-C190KGKT.PDF,green_LED_0603_pin1_cathode,part_spec_checked,2026-09-28
M20-9990245,Harwin,4,0,J103 JP501 JP701 J703,CHASSIS,Connector_PinHeader_2.54mm:PinHeader_1x02_P2.54mm_Vertical,https://www.harwin.com/products/M20-9990245,2pin_2p54_THT_0p64_square_posts,part_spec_checked,2026-09-28
M20-9990345,Harwin,1,0,JP704,RUN 1-2 / SERVICE 2-3,Connector_PinHeader_2.54mm:PinHeader_1x03_P2.54mm_Vertical,https://www.harwin.com/products/M20-9990345,3pin_2p54_THT_0p64_square_posts,part_spec_checked,2026-09-28
M24C64-RMN6TP,STMicroelectronics,1,0,U503,M24C64-RMN6TP,Package_SO:SOIC-8_3.9x4.9mm_P1.27mm,https://www.st.com/en/memories/m24c64-r.html,active_SO8_1V8_to5V5_industrial85C,part_spec_checked,2026-09-28
MF-PSMF050X-2,Bourns,1,0,F401,0.5A / 6V,bldc-esc:MF_PSMF0805,https://www.bourns.com/docs/product-datasheets/mfpsmf.pdf,0805_0A5_6V_custom_recommended_land,part_spec_checked,2026-09-28
MSAST32MSB7226KPNB25,Taiyo Yuden,2,0,C404 C405,22u 25V,Capacitor_SMD:C_1210_3225Metric,https://ds.yuden.co.jp/TYCOMPAS/ap/detail?pn=MSAST32MSB7226KPNB25&u=M,preferred_22uF_25V_1210_X7R,part_spec_checked,2026-09-28
MSS1246T-683MLC,Coilcraft,1,0,L401,68uH / Isat>=2.3A,Inductor_SMD:L_Coilcraft_MSS1246T-XXX,https://www.coilcraft.com/en-us/products/power/shielded-inductors/ferrite-drum/mss-mos/mss1246t/mss1246t-683/,68uH_ordering_code_and_land_pattern,part_spec_checked,2026-09-28
MT60-M,AMASS,1,0,J102,MT60 / 12AWG pigtail,bldc-esc:MT60_Pigtail_12AWG,https://www.china-amass.com/biao/174.html,wire_connector_custom_12AWG_pigtail_not_board_mount,part_spec_checked,2026-09-28
NCP18XH103F03RB,Murata,2,0,TH801 TH802,10k / B25-50=3380K,Resistor_SMD:R_0603_1608Metric,https://www.murata.com/en-sg/products/productdetail?cate=luNTCforTempeSenso&partno=NCP18XH103F03RB,0603_10k_1pct_B25_50_3380K,part_spec_checked,2026-09-28
"PESD2CANFD24V-T,215",Nexperia,1,0,D703,PESD2CANFD24V-T,Package_TO_SOT_SMD:SOT-23,https://assets.nexperia.com/documents/data-sheet/PESD2CANFD24V-T.pdf,SOT23_pin3_common_pin1_2_bus,part_spec_checked,2026-09-28
"PESD5V0S1BA,115",Nexperia,14,0,D610 D611 D612 D613 D614 D615 D865 D868 D871 D704 D852 D857 D888 D891,PESD5V0S1BA,Diode_SMD:D_SOD-323,https://assets.nexperia.com/documents/data-sheet/PESD5V0S1BA.pdf,production_5V_bidirectional_SOD323,part_spec_checked,2026-09-28
"PMEG2010ER,115",Nexperia,1,0,D501,PMEG2010ER,Diode_SMD:Nexperia_CFP3_SOD-123W,https://assets.nexperia.com/documents/data-sheet/PMEG2010ER.pdf,SOD123W_pin1_cathode_20V_1A,part_spec_checked,2026-09-28
RC0603FR-07100KL,Yageo,17,0,R204 R402 R409 R503 R314 R315 R317 R319 R602 R606 R704 R705 R716 R707 R708 R724 R725,100k,Resistor_SMD:R_0603_1608Metric,https://www.yageogroup.com/component-documentation/download/specsheet/RC0603FR-07100KL,manufacturer_part_spec_value_voltage_case,part_spec_checked,2026-09-28
RC0603FR-07100RL,Yageo,11,0,R215 R235 R255 R804 R814 R824 R834 R852 R857 R888 R891,100,Resistor_SMD:R_0603_1608Metric,https://www.yageogroup.com/component-documentation/download/specsheet/RC0603FR-07100RL,manufacturer_part_spec_value_voltage_case,part_spec_checked,2026-09-28
RC0603FR-0710KL,Yageo,38,0,R203 R205 R407 R410 R415 R504 R505 R311 R312 R313 R603 R607 R621 R624 R627 R633 R636 R639 R702 R706 R710 R711 R712 R713 R714 R715 R717 R718 R117 R508 R720 R851 R856 R866 R869 R872 R722 R723,10k,Resistor_SMD:R_0603_1608Metric,https://www.yageogroup.com/component-documentation/download/specsheet/RC0603FR-0710KL,manufacturer_part_spec_value_voltage_case,part_spec_checked,2026-09-28
RC0603FR-0712K1L,Yageo,2,0,R850 R855,12.1k,Resistor_SMD:R_0603_1608Metric,https://www.yageogroup.com/component-documentation/download/specsheet/RC0603FR-0712K1L,manufacturer_part_spec_value_voltage_case,part_spec_checked,2026-09-28
RC0603FR-07150KL,Yageo,2,0,R316 R318,150k,Resistor_SMD:R_0603_1608Metric,https://www.yageogroup.com/component-documentation/download/specsheet/RC0603FR-07150KL,manufacturer_part_spec_value_voltage_case,part_spec_checked,2026-09-28
RC0603FR-0715KL,Yageo,1,0,R416,15k,Resistor_SMD:R_0603_1608Metric,https://www.yageogroup.com/component-documentation/download/specsheet/RC0603FR-0715KL,manufacturer_part_spec_value_voltage_case,part_spec_checked,2026-09-28
RC0603FR-071KL,Yageo,20,0,R216 R236 R256 R501 R620 R623 R626 R632 R635 R638 R511 R512 R513 R721 R865 R868 R871 R887 R890 R709,1k,Resistor_SMD:R_0603_1608Metric,https://www.yageogroup.com/component-documentation/download/specsheet/RC0603FR-071KL,manufacturer_part_spec_value_voltage_case,part_spec_checked,2026-09-28
RC0603FR-071ML,Yageo,1,0,R102,1M,Resistor_SMD:R_0603_1608Metric,https://www.yageogroup.com/component-documentation/download/specsheet/RC0603FR-071ML,manufacturer_part_spec_value_voltage_case,part_spec_checked,2026-09-28
RC0603FR-071RL,Yageo,1,0,R308,1,Resistor_SMD:R_0603_1608Metric,https://www.yageogroup.com/component-documentation/download/specsheet/RC0603FR-071RL,manufacturer_part_spec_value_voltage_case,part_spec_checked,2026-09-28
RC0603FR-07200KL,Yageo,2,0,R601 R605,200k,Resistor_SMD:R_0603_1608Metric,https://www.yageogroup.com/component-documentation/download/specsheet/RC0603FR-07200KL,manufacturer_part_spec_value_voltage_case,part_spec_checked,2026-09-28
RC0603FR-0722RL,Yageo,2,0,R413 R414,22,Resistor_SMD:R_0603_1608Metric,https://www.yageogroup.com/component-documentation/download/specsheet/RC0603FR-0722RL,manufacturer_part_spec_value_voltage_case,part_spec_checked,2026-09-28
RC0603FR-072M49L,Yageo,1,0,R305,2.49M,Resistor_SMD:R_0603_1608Metric,https://www.yageogroup.com/component-documentation/download/specsheet/RC0603FR-072M49L,manufacturer_part_spec_value_voltage_case,part_spec_checked,2026-09-28
RC0603FR-072R2L,Yageo,1,0,R307,2.2,Resistor_SMD:R_0603_1608Metric,https://www.yageogroup.com/component-documentation/download/specsheet/RC0603FR-072R2L,manufacturer_part_spec_value_voltage_case,part_spec_checked,2026-09-28
RC0603FR-07300KL,Yageo,2,0,R401 R408,300k,Resistor_SMD:R_0603_1608Metric,https://www.yageogroup.com/component-documentation/download/specsheet/RC0603FR-07300KL,manufacturer_part_spec_value_voltage_case,part_spec_checked,2026-09-28
RC0603FR-07301KL,Yageo,1,0,R406,301k,Resistor_SMD:R_0603_1608Metric,https://www.yageogroup.com/component-documentation/download/specsheet/RC0603FR-07301KL,manufacturer_part_spec_value_voltage_case,part_spec_checked,2026-09-28
RC0603FR-073R3L,Yageo,6,0,R210 R212 R230 R232 R250 R252,3.3,Resistor_SMD:R_0603_1608Metric,https://www.yageogroup.com/component-documentation/download/specsheet/RC0603FR-073R3L,manufacturer_part_spec_value_voltage_case,part_spec_checked,2026-09-28
RC0603FR-0742K2L,Yageo,1,0,R403,42.2k,Resistor_SMD:R_0603_1608Metric,https://www.yageogroup.com/component-documentation/download/specsheet/RC0603FR-0742K2L,manufacturer_part_spec_value_voltage_case,part_spec_checked,2026-09-28
RC0603FR-0747KL,Yageo,7,0,R211 R213 R231 R233 R251 R253 R309,47k,Resistor_SMD:R_0603_1608Metric,https://www.yageogroup.com/component-documentation/download/specsheet/RC0603FR-0747KL,manufacturer_part_spec_value_voltage_case,part_spec_checked,2026-09-28
RC0603FR-074K7L,Yageo,5,0,R202 R306 R116 R506 R507,4.7k,Resistor_SMD:R_0603_1608Metric,https://www.yageogroup.com/component-documentation/download/specsheet/RC0603FR-074K7L,manufacturer_part_spec_value_voltage_case,part_spec_checked,2026-09-28
RC0603FR-075K1L,Yageo,2,0,R411 R412,5.1k,Resistor_SMD:R_0603_1608Metric,https://www.yageogroup.com/component-documentation/download/specsheet/RC0603FR-075K1L,manufacturer_part_spec_value_voltage_case,part_spec_checked,2026-09-28
RC0603JR-070RL,Yageo,3,1,R103 R502 R701 R703,0,Resistor_SMD:R_0603_1608Metric,https://www.yageogroup.com/component-documentation/download/specsheet/RC0603JR-070RL,manufacturer_part_spec_value_voltage_case,part_spec_checked,2026-09-28
RC0805FR-0710RL,Yageo,0,3,R217 R237 R257,10,Resistor_SMD:R_0805_2012Metric,https://www.yageogroup.com/component-documentation/download/specsheet/RC0805FR-0710RL,manufacturer_part_spec_value_voltage_case,part_spec_checked,2026-09-28
RC0805FR-07120RL,Yageo,1,0,R719,120,Resistor_SMD:R_0805_2012Metric,https://www.yageogroup.com/component-documentation/download/specsheet/RC0805FR-07120RL,manufacturer_part_spec_value_voltage_case,part_spec_checked,2026-09-28
RC0805FR-072R2L,Yageo,1,0,R201,2.2,Resistor_SMD:R_0805_2012Metric,https://www.yageogroup.com/component-documentation/download/specsheet/RC0805FR-072R2L,manufacturer_part_spec_value_voltage_case,part_spec_checked,2026-09-28
RC1206FR-0710KL,Yageo,1,0,R101,10k,Resistor_SMD:R_1206_3216Metric,https://www.yageogroup.com/component-documentation/download/specsheet/RC1206FR-0710KL,manufacturer_part_spec_value_voltage_case,part_spec_checked,2026-09-28
REF2025AIDDCR,Texas Instruments,2,0,U502 U308,REF2025AIDDCR,Package_TO_SOT_SMD:SOT-23-5,https://www.ti.com/lit/ds/symlink/ref2030.pdf,manufacturer_orderable_table_and_package_pin_audit,part_spec_checked,2026-09-28
RT0603BRD07100KL,Yageo,11,0,R405 R301 R302 R801 R802 R811 R812 R821 R822 R831 R832,100k 0.1%,Resistor_SMD:R_0603_1608Metric,https://www.yageogroup.com/component-documentation/download/specsheet/RT0603BRD07100KL,manufacturer_part_spec_value_voltage_case,part_spec_checked,2026-09-28
RT0603BRD0710KL,Yageo,17,0,R418 R304 R320 R110 R113 R114 R119 R803 R813 R823 R833 R880 R883 R886 R889 R898 R899,10k 0.1%,Resistor_SMD:R_0603_1608Metric,https://www.yageogroup.com/component-documentation/download/specsheet/RT0603BRD0710KL,manufacturer_part_spec_value_voltage_case,part_spec_checked,2026-09-28
RT0603BRD0715KL,Yageo,1,0,R321,15k 0.1%,Resistor_SMD:R_0603_1608Metric,https://www.yageogroup.com/component-documentation/download/specsheet/RT0603BRD0715KL,manufacturer_part_spec_value_voltage_case,part_spec_checked,2026-09-28
RT0603BRD0716K9L,Yageo,1,0,R115,16.9k 0.1%,Resistor_SMD:R_0603_1608Metric,https://www.yageogroup.com/component-documentation/download/specsheet/RT0603BRD0716K9L,manufacturer_part_spec_value_voltage_case,part_spec_checked,2026-09-28
RT0603BRD07324KL,Yageo,1,0,R404,324k 0.1%,Resistor_SMD:R_0603_1608Metric,https://www.yageogroup.com/component-documentation/download/specsheet/RT0603BRD07324KL,manufacturer_part_spec_value_voltage_case,part_spec_checked,2026-09-28
RT0603BRD0740K2L,Yageo,1,0,R118,40.2k 0.1%,Resistor_SMD:R_0603_1608Metric,https://www.yageogroup.com/component-documentation/download/specsheet/RT0603BRD0740K2L,manufacturer_part_spec_value_voltage_case,part_spec_checked,2026-09-28
RT0603BRD0751K1L,Yageo,1,0,R417,51.1k 0.1%,Resistor_SMD:R_0603_1608Metric,https://www.yageogroup.com/component-documentation/download/specsheet/RT0603BRD0751K1L,manufacturer_part_spec_value_voltage_case,part_spec_checked,2026-09-28
RT0603BRD078K45L,Yageo,1,0,R303,8.45k 0.1%,Resistor_SMD:R_0603_1608Metric,https://www.yageogroup.com/component-documentation/download/specsheet/RT0603BRD078K45L,manufacturer_part_spec_value_voltage_case,part_spec_checked,2026-09-28
RT0603BRD0790K9L,Yageo,2,0,R111 R112,90.9k 0.1%,Resistor_SMD:R_0603_1608Metric,https://www.yageogroup.com/component-documentation/download/specsheet/RT0603BRD0790K9L,manufacturer_part_spec_value_voltage_case,part_spec_checked,2026-09-28
SMCJ30A,Littelfuse,1,0,D101,SMCJ30A,Diode_SMD:D_SMC,https://www.littelfuse.com/assetdocs/littelfuse_tvs_diode_smcj_datasheet.pdf?assetguid=37388813-0d6d-4329-969b-1aa8b7614ac1,manufacturer_SMCJ30A_row_unidirectional_SMC,part_spec_checked,2026-09-28
SN74LVC1G11DBVR,Texas Instruments,6,0,U703 U704 U707 U708 U711 U712,SN74LVC1G11DBVR,Package_TO_SOT_SMD:SOT-23-6,https://www.ti.com/lit/ds/symlink/sn74lvc1g11.pdf,manufacturer_orderable_table_and_package_pin_audit,part_spec_checked,2026-09-28
SN74LVC1G14DBVR,Texas Instruments,1,0,U710,SN74LVC1G14DBVR,Package_TO_SOT_SMD:SOT-23-5,https://www.ti.com/lit/ds/symlink/sn74lvc1g14.pdf,manufacturer_orderable_table_and_package_pin_audit,part_spec_checked,2026-09-28
SN74LVC1G17DBVR,Texas Instruments,1,0,U306,SN74LVC1G17DBVR,Package_TO_SOT_SMD:SOT-23-5,https://www.ti.com/lit/ds/symlink/sn74lvc1g17.pdf,manufacturer_orderable_table_and_package_pin_audit,part_spec_checked,2026-09-28
SN74LVC1G74DCTR,Texas Instruments,2,0,U307 U705,SN74LVC1G74DCTR,Package_SO:SSOP-8_2.95x2.8mm_P0.65mm,https://www.ti.com/lit/ds/symlink/sn74lvc1g74.pdf,manufacturer_orderable_table_and_package_pin_audit,part_spec_checked,2026-09-28
SN74LVC244APWR,Texas Instruments,1,0,U706,SN74LVC244APWR,Package_SO:TSSOP-20_4.4x6.5mm_P0.65mm,https://www.ti.com/lit/ds/symlink/sn74lvc244a.pdf,manufacturer_orderable_table_and_package_pin_audit,part_spec_checked,2026-09-28
SN74LVC3G17DCTR,Texas Instruments,3,0,U603 U604 U802,SN74LVC3G17DCTR,Package_SO:SSOP-8_2.95x2.8mm_P0.65mm,https://www.ti.com/lit/ds/symlink/sn74lvc3g17.pdf,manufacturer_orderable_table_and_package_pin_audit,part_spec_checked,2026-09-28
STM32G474VET6,STMicroelectronics,1,0,U501,STM32G474VET6,Package_QFP:LQFP-100_14x14mm_P0.5mm,https://www.st.com/en/microcontrollers-microprocessors/stm32g474ve.html,active_LQFP100_DS12288_pinmap,part_spec_checked,2026-09-28
STPS5H100AF,STMicroelectronics,1,0,D301,STPS5H100AF,Diode_SMD:D_SOD-128,https://www.st.com/resource/en/datasheet/stps5h100af.pdf,SOD128_100V_5A,part_spec_checked,2026-09-28
TCAN3403DRQ1,Texas Instruments,1,0,U709,TCAN3403DRQ1,Package_SO:SOIC-8_3.9x4.9mm_P1.27mm,https://www.ti.com/lit/ds/symlink/tcan3403-q1.pdf,manufacturer_orderable_table_and_package_pin_audit,part_spec_checked,2026-09-28
TL3342F160QG,E-Switch,2,0,SW501 SW502,RESET,Button_Switch_SMD:SW_SPST_TL3342,https://configured-product-images.s3.amazonaws.com/2D/specs/TL3342F160QG.pdf,P010632_revJ_pad8p0x4p8_and_switch_poles,part_spec_checked,2026-09-28
TLV3011BIDBVR,Texas Instruments,1,0,U301,TLV3011BIDBVR,Package_TO_SOT_SMD:SOT-23-6,https://www.ti.com/lit/ds/symlink/tlv3012.pdf,manufacturer_orderable_table_and_package_pin_audit,part_spec_checked,2026-09-28
TLV3201AIDBVR,Texas Instruments,1,0,U304,TLV3201AIDBVR,Package_TO_SOT_SMD:SOT-23-5,https://www.ti.com/lit/ds/symlink/tlv3201.pdf,manufacturer_orderable_table_and_package_pin_audit,part_spec_checked,2026-09-28
TLV75801PDRVR,Texas Instruments,1,0,U403,TLV75801PDRVR,Package_SON:WSON-6-1EP_2x2mm_P0.65mm_EP1x1.6mm,https://www.ti.com/lit/ds/symlink/tlv758p.pdf,manufacturer_orderable_table_and_package_pin_audit,part_spec_checked,2026-09-28
TLV9024PWR,Texas Instruments,2,0,U101 U102,TLV9024PWR,Package_SO:TSSOP-14_4.4x5mm_P0.65mm,https://www.ti.com/lit/ds/symlink/tlv9024.pdf,manufacturer_orderable_table_and_package_pin_audit,part_spec_checked,2026-09-28
TLV9062IDR,Texas Instruments,2,0,U803 U804,TLV9062IDR,Package_SO:SOIC-8_3.9x4.9mm_P1.27mm,https://www.ti.com/lit/ds/symlink/tlv9064.pdf,manufacturer_orderable_table_and_package_pin_audit,part_spec_checked,2026-09-28
TLV9064IPWR,Texas Instruments,1,0,U801,TLV9064IPWR,Package_SO:TSSOP-14_4.4x5mm_P0.65mm,https://www.ti.com/lit/ds/symlink/tlv9064.pdf,manufacturer_orderable_table_and_package_pin_audit,part_spec_checked,2026-09-28
TPS2116DRLR,Texas Instruments,1,0,U402,TPS2116DRLR,Package_TO_SOT_SMD:SOT-583-8,https://www.ti.com/lit/ds/symlink/tps2116.pdf,manufacturer_orderable_table_and_package_pin_audit,part_spec_checked,2026-09-28
TPS2553DBVR-1,Texas Instruments,2,0,U601 U602,TPS2553DBVR-1,Package_TO_SOT_SMD:SOT-23-6,https://www.ti.com/lit/ds/symlink/tps2553.pdf,manufacturer_orderable_table_and_package_pin_audit,part_spec_checked,2026-09-28
TPS3431SDRBR,Texas Instruments,1,0,U702,TPS3431SDRBR,Package_SON:VSON-8-1EP_3x3mm_P0.65mm_EP1.65x2.4mm,https://www.ti.com/lit/ds/symlink/tps3431.pdf,manufacturer_orderable_table_and_package_pin_audit,part_spec_checked,2026-09-28
TPS3808G50DBVR,Texas Instruments,1,0,U305,TPS3808G50DBVR,Package_TO_SOT_SMD:SOT-23-6,https://www.ti.com/lit/ds/symlink/tps3808.pdf,manufacturer_orderable_table_and_package_pin_audit,part_spec_checked,2026-09-28
TPS389033DSER,Texas Instruments,1,0,U701,TPS389033DSER,Package_SON:WSON-6_1.5x1.5mm_P0.5mm,https://www.ti.com/lit/ds/symlink/tps3890.pdf,manufacturer_orderable_table_and_package_pin_audit,part_spec_checked,2026-09-28
UCC27511ADBVR,Texas Instruments,1,0,U302,UCC27511ADBVR,Package_TO_SOT_SMD:SOT-23-6,https://www.ti.com/lit/ds/symlink/ucc27511a.pdf,manufacturer_orderable_table_and_package_pin_audit,part_spec_checked,2026-09-28
USB4105-GF-A,GCT,1,0,J401,USB4105-GF-A,bldc-esc:USB4105_PCBWay,https://gct.co/connector/usb4105,drawing_B4_16pads_NPTH_custom_ground_corner_variant,part_spec_checked,2026-09-28
USBLC6-2SC6,STMicroelectronics,1,0,U404,USBLC6-2SC6,Package_TO_SOT_SMD:SOT-23-6,https://www.st.com/en/protections-and-emi-filters/usblc6-2.html,active_SOT23_6_USB_ESD_pinout,part_spec_checked,2026-09-28
WSLP2512R0030FEA,Vishay,1,0,R310,3m / 3W,Resistor_SMD:R_2512_6332Metric,https://www.vishay.com/docs/30122/wslp.pdf,WSLP2512_3mohm_1pct_3W_FEA_order_decode,part_spec_checked,2026-09-28
XT60PW-M,AMASS,1,0,J101,XT60PW-M,Connector_AMASS:AMASS_XT60PW-M_1x02_P7.20mm_Horizontal,https://www.china-amass.com/public/upload/20260207/7fa24f5a6f35ec66c7a115c07a34ab06.pdf,manufacturer_catalog_and_KiCad_polarity_marks,part_spec_checked,2026-09-28
