id,value,unit,basis,status
MOTOR_TORQUE,0.754738658,Nm,6.68in_lb,calculated
MOTOR_OUTPUT_POWER,9.87950593,W,125rpm,calculated
MOTOR_SPEED_INPUT,2500,rpm,20to1_nominal,calculated
MOTOR_VI_PRODUCT,19.5,W,current_definition_unspecified,conditional
MOTOR_EFFICIENCY_RATIO,0.50664133,ratio,only_if_DC_input_current,conditional
ADC_CURRENT_STEP,0.0366210938,A_per_LSB,12bit_raw,calculated
ADC_COUNTS_AT_0A5,13.6533333,counts,no_oversampling,calculated
ADC_COUNTS_AT_0A75,20.48,counts,no_oversampling,calculated
INA241A2_OFFSET_EQUIV,0.015,A,25C_max_datasheet_test_conditions,calculated
INA241A2_DRIFT_60C_EQUIV,0.009,A,max_offset_drift,calculated
DRV8353_OFFSET_EQUIV,3,A,pre_external_offset_subtraction,calculated
DRV8353_SENSE_OC_MIN_EQUIV,250,A,SEN_LVL_00_nominal,calculated
CSA_LOW_0p5,1.49,V,INA241_REF1_REF2_1V5,calculated
CSA_HIGH_0p5,1.51,V,INA241_REF1_REF2_1V5,calculated
CSA_LOW_0p75,1.485,V,INA241_REF1_REF2_1V5,calculated
CSA_HIGH_0p75,1.515,V,INA241_REF1_REF2_1V5,calculated
CSA_LOW_15,1.2,V,INA241_REF1_REF2_1V5,calculated
CSA_HIGH_15,1.8,V,INA241_REF1_REF2_1V5,calculated
CSA_LOW_20,1.1,V,INA241_REF1_REF2_1V5,calculated
CSA_HIGH_20,1.9,V,INA241_REF1_REF2_1V5,calculated
CSA_LOW_40,0.7,V,INA241_REF1_REF2_1V5,calculated
CSA_HIGH_40,2.3,V,INA241_REF1_REF2_1V5,calculated
CSA_LOW_60,0.3,V,INA241_REF1_REF2_1V5,calculated
CSA_HIGH_60,2.7,V,INA241_REF1_REF2_1V5,calculated
FET_RDS_HOT_MODEL,0.0023,ohm,2x_25C_max,model_assumption
BRIDGE_CONDUCTION_15,1.5525,W,3_Iphase_rms_squared_Rds_hot,screening
SHUNTS_TOTAL_UPPER_15,0.675,W,continuous_all_3_upper_bound,screening
SHUNT_EACH_UPPER_15,0.225,W,continuous_upper_bound,screening
BRIDGE_CONDUCTION_20,2.76,W,3_Iphase_rms_squared_Rds_hot,screening
SHUNTS_TOTAL_UPPER_20,1.2,W,continuous_all_3_upper_bound,screening
SHUNT_EACH_UPPER_20,0.4,W,continuous_upper_bound,screening
BRIDGE_CONDUCTION_40,11.04,W,3_Iphase_rms_squared_Rds_hot,screening
SHUNTS_TOTAL_UPPER_40,4.8,W,continuous_all_3_upper_bound,screening
SHUNT_EACH_UPPER_40,1.6,W,continuous_upper_bound,screening
SWITCHING_20ARMS_100,1.62056937,W,sinusoidal_three_legs_no_Coss_Qrr,screening
SWITCHING_20ARMS_200,3.24113874,W,sinusoidal_three_legs_no_Coss_Qrr,screening
GATE_CHARGE_CURRENT_TOTAL_MAX,0.0204,A,Qg_max_10V_all_six,calculated
GATE_CHARGE_CURRENT_PER_RAIL_MAX,0.0102,A,Qg_max_10V_three_FETs,calculated
GATE_DRIVE_POWER_MAX_10V,0.204,W,Qg_max_10V,calculated
DRV_LINEAR_LOSS_SCREEN,0.408,W,charge_pump_topology_and_Iq_omitted,screening
BUS_POWER_AT_26V_20A,520,W,DC_input_ceiling_not_motor_rating,calculated
TVS_60V_HEADROOM_AT_TEST,11.6,V,25C_31A_10_1000us_only,calculated
DIVIDER_AT_30V,1.42857143,V,200k_top_10k_bottom,calculated
DIVIDER_AT_50V,2.38095238,V,200k_top_10k_bottom,calculated
DIVIDER_AT_60V,2.85714286,V,200k_top_10k_bottom,calculated
DIVIDER_ADC_BUS_STEP,0.0153808594,V_per_LSB,12bit_raw,calculated
DC_LINK_C_LEGACY,0.000792,F,nominal,calculated
DC_LINK_DV_20A_LEGACY,1.26262626,V,constant_current_full_period_upper_screen,screening
REGEN_ENERGY_26_TO_31_LEGACY,0.11286,J,capacitor_only,calculated
REGEN_TIME_100W_LEGACY,0.0011286,s,capacitor_only,calculated
DC_LINK_C_CURRENT,0.001,F,nominal,calculated
DC_LINK_DV_20A_CURRENT,1,V,constant_current_full_period_upper_screen,screening
REGEN_ENERGY_26_TO_31_CURRENT,0.1425,J,capacitor_only,calculated
REGEN_TIME_100W_CURRENT,0.001425,s,capacitor_only,calculated
DC_LINK_CURRENT_MIN_C,0.0008,F,minus20pct_tolerance,calculated
HYBRID_BANK_IRMS_135C_100KHZ_SUM,33,A_rms,nameplate_sum_not_sharing_qualification,screening
HYBRID_BANK_IRMS_125C_10KHZ_SUM,34.5,A_rms,10kHz_coefficient_not_sharing_qualification,screening
CAP_PWM_SQUARE_WAVE_SCREEN_20ARMS,14.1421356,A_rms,Iphase_peak_over2_50pct_pulse,screening
DUMP_CURRENT_2R,15.5,A,31V,calculated
DUMP_POWER_2R,480.5,W,31V_external_thermal_rating_required,calculated
DUMP_CURRENT_5R,6.2,A,31V,calculated
DUMP_POWER_5R,192.2,W,31V_external_thermal_rating_required,calculated
DUMP_CURRENT_10R,3.1,A,31V,calculated
DUMP_POWER_10R,96.1,W,31V_external_thermal_rating_required,calculated
DUMP_CURRENT_25R,1.24,A,31V,calculated
DUMP_POWER_25R,38.44,W,31V_external_thermal_rating_required,calculated
DUMP_10R_CURRENT_50V_TRANSIENT,5,A,fault_transient_only,screening
DUMP_10R_POWER_50V_TRANSIENT,250,W,pulse_rating_required,screening
HALL_1K_DROP_AT_10MA,10,V,1k_not_valid_functional_supply,calculated
COPPER_OUTER_RESISTANCE_30MM_10MM,0.000738857143,ohm,20C_single_layer_ignores_vias,screening
