id,parameter,previous,current,reason_id,source_id,state
E001,PRIMARY_CSA,DRV8353_INTEGRATED,INA241A2,OFFSET_3A_VS_15mA,TI_INA241,selected
E002,ADC_REFERENCE,REF2033_3V3,REF2030_3V0,VREF_LESS_THAN_VDDA_TOLERANCE,ST_G474,selected
E003,PRIMARY_CSA_BIAS,1V65,1V5,ADC_MIDPOINT,TI_REF2030,selected
E004,DRV_CSA_REFERENCE,1V65_BIAS_OR_3V0,3V3_A,VREF_MIN_3V_AND_INTERNAL_DIV2,TI_DRV8353,selected
E005,DRV_VM_RATING,100V_CLASS,75V_OPERATING_80V_ABS,VM_DIFFERENT_FROM_VDRAIN,TI_DRV8353,corrected
E006,DC_LINK_BANK,4x33u_PLUS_2x330u,6x100u_PLUS_2x330u,RIPPLE_CURRENT_QUALIFICATION,NICH_GXC,candidate
E007,HALL_TEST_1K,FUNCTIONAL_TEST,UNPOWERED_FAULT_SCREEN_ONLY,HALL_VOLTAGE_DROP,GROS_AS190,corrected
E008,BENCH_SOURCE,PSU_DIRECT,BLOCKING_DIODE_OR_REGEN_RATED_PSU,CHOPPER_CLAMP_ABOVE_SOURCE_SETPOINT,CALC,required
E009,6S_REGEN_LIMIT,28V5,PACK_SPECIFIC_LE_25V2,6S_CHARGE_CEILING,USER_PLAN,required
E010,REVERSE_POLARITY,PROTECTED,KEYED_ONLY_NO_ELECTRONIC_PROTECTION,KEYING_DOES_NOT_PROTECT_MISWIRED_HARNESS,USER_PLAN,corrected
E011,HARDWARE_OC_THRESHOLD,VDS_AS_PRECISE_CURRENT_LIMIT,VDS_SHORT_CIRCUIT_PLUS_CSA_COMPARATORS,RDS_TEMPERATURE_AND_THRESHOLD_ERROR,TI_DRV8353,required
E012,MOTOR_0A75_LIMIT,PHASE_CURRENT_EQUIVALENCE,NAMEPLATE_CURRENT_DEFINITION_UNKNOWN,INPUT_CURRENT_DIFFERS_FROM_PHASE,USER_MOTOR,unresolved
E013,LOW_SIDE_CURRENT,ALL_PHASES_ALWAYS_OBSERVABLE,VALID_LOW_SIDE_WINDOWS_PLUS_RECONSTRUCTION,PWM_OBSERVABILITY,ST_RM0440,required
E014,I2C_SCL,PB8,PA15,PB8_BOOT0_STARTUP,ST_G474,captured
E015,HARDWARE_OC,DRV_PLUS_MCU,DRV_PLUS_EXTERNAL_WINDOW_PLUS_MCU,MCU_INDEPENDENT_BIPOLAR_TRIP,TI_TLV1704,captured
E016,DUMP_OCP,ABSENT,INA180_TLV3201_LATCH,DUMP_SWITCH_SHORT_CIRCUIT,TI_INA180,captured
E017,SERVICE_MODE,ABSENT,JP704_WD_AND_BRIDGE_INTERLOCK,DFU_SWD_PROGRAMMING,TI_TPS3431,captured
E018,DC_LINK_BANK,6x100u_PLUS_2x330u,10x100u_HYBRID,MIXED_CAPACITOR_RIPPLE_SHARING,NICH_GXC,captured
E019,SENSE_LOGIC_PACKAGES,VSSOP,SOIC_AND_SSOP,0p2mm_CLEARANCE,TI_INA241,captured
E020,DUMP_CONNECTOR,1707630_7p62,1711725_5p08,24A_NATIVE_FOOTPRINT,PHOENIX_1711725,captured
E021,CHOPPER_COMPARATOR,TLV3012B,TLV3011B,OPEN_DRAIN_WIRED_REQUEST,TI_TLV3012,captured
