reference,pin,net
J101,1,GND
J101,2,VBUS
D101,1,VBUS
D101,2,GND
C101,1,VBUS
C101,2,GND
C102,1,VBUS
C102,2,GND
C103,1,VBUS
C103,2,GND
C104,1,VBUS
C104,2,GND
C105,1,VBUS
C105,2,GND
C106,1,VBUS
C106,2,GND
C107,1,VBUS
C107,2,GND
C115,1,VBUS
C115,2,GND
C108,1,VBUS
C108,2,GND
C116,1,VBUS
C116,2,GND
R101,1,VBUS
R101,2,GND
J102,1,PHASE_A
J102,2,PHASE_B
J102,3,PHASE_C
J103,1,CHASSIS
J103,2,GND
R102,1,CHASSIS
R102,2,GND
C109,1,CHASSIS
C109,2,GND
R103,1,CHASSIS
R103,2,GND
TP101,1,VBUS
TP102,1,GND
TP103,1,PHASE_A
TP104,1,PHASE_B
TP105,1,PHASE_C
#FLG101,1,VBUS
#FLG102,1,GND
U201,1,DRV_CPL
U201,2,DRV_CPH
U201,3,DRV_VM
U201,4,VBUS
U201,5,DRV_VCP
U201,6,GHA_DRV
U201,7,PHASE_A
U201,8,GLA_DRV
U201,9,SOURCE_A
U201,10,KS_A_N
U201,11,KS_B_N
U201,12,SOURCE_B
U201,13,GLB_DRV
U201,14,PHASE_B
U201,15,GHB_DRV
U201,16,GHC_DRV
U201,17,PHASE_C
U201,18,GLC_DRV
U201,19,SOURCE_C
U201,20,KS_C_N
U201,21,SO_C_DRV
U201,22,SO_B_DRV
U201,23,SO_A_DRV
U201,24,3V3_A
U201,25,GND
U201,26,DRV_nFAULT
U201,27,DRV_SDO
U201,28,DRV_SDI
U201,29,DRV_SCK
U201,30,DRV_nCS
U201,31,DRV_ENABLE
U201,32,IN_AH
U201,33,IN_AL
U201,34,IN_BH
U201,35,IN_BL
U201,36,IN_CH
U201,37,IN_CL
U201,38,DRV_DVDD
U201,39,GND
U201,40,DRV_VGLS
U201,41,GND
R201,1,VBUS
R201,2,DRV_VM
C201,1,DRV_VM
C201,2,GND
C202,1,DRV_VM
C202,2,GND
C203,1,DRV_CPH
C203,2,DRV_CPL
C204,1,DRV_VCP
C204,2,VBUS
C205,1,DRV_VGLS
C205,2,GND
C206,1,DRV_DVDD
C206,2,GND
C207,1,3V3_A
C207,2,GND
R202,1,3V3
R202,2,DRV_SDO
R203,1,3V3
R203,2,DRV_nFAULT
R204,1,DRV_ENABLE
R204,2,GND
R205,1,3V3
R205,2,DRV_nCS
Q201,1,PHASE_A
Q201,2,PHASE_A
Q201,3,PHASE_A
Q201,4,GAH
Q201,5,VBUS
Q202,1,SOURCE_A
Q202,2,SOURCE_A
Q202,3,SOURCE_A
Q202,4,GAL
Q202,5,PHASE_A
R210,1,GHA_DRV
R210,2,GAH
R211,1,GAH
R211,2,PHASE_A
R212,1,GLA_DRV
R212,2,GAL
R213,1,GAL
R213,2,SOURCE_A
R214,1,SOURCE_A
R214,2,KS_A_P
R214,3,KS_A_N
R214,4,GND
C210,1,VBUS
C210,2,GND
C211,1,VBUS
C211,2,GND
U202,1,KS_A_N
U202,2,GND
U202,3,VBIAS_1V25
U202,4,GND
U202,5,I_A_RAW
U202,6,3V3_A
U202,7,VBIAS_1V25
U202,8,KS_A_P
C212,1,3V3_A
C212,2,GND
R215,1,I_A_RAW
R215,2,I_PHASE_A
C213,1,I_PHASE_A
C213,2,GND
TP210,1,I_PHASE_A
R216,1,SO_A_DRV
R216,2,I_DRV_A
C214,1,I_DRV_A
C214,2,GND
R217,1,PHASE_A
R217,2,SNUB_A
C215,1,SNUB_A
C215,2,GND
Q203,1,PHASE_B
Q203,2,PHASE_B
Q203,3,PHASE_B
Q203,4,GBH
Q203,5,VBUS
Q204,1,SOURCE_B
Q204,2,SOURCE_B
Q204,3,SOURCE_B
Q204,4,GBL
Q204,5,PHASE_B
R230,1,GHB_DRV
R230,2,GBH
R231,1,GBH
R231,2,PHASE_B
R232,1,GLB_DRV
R232,2,GBL
R233,1,GBL
R233,2,SOURCE_B
R234,1,SOURCE_B
R234,2,KS_B_P
R234,3,KS_B_N
R234,4,GND
C230,1,VBUS
C230,2,GND
C231,1,VBUS
C231,2,GND
U203,1,KS_B_N
U203,2,GND
U203,3,VBIAS_1V25
U203,4,GND
U203,5,I_B_RAW
U203,6,3V3_A
U203,7,VBIAS_1V25
U203,8,KS_B_P
C232,1,3V3_A
C232,2,GND
R235,1,I_B_RAW
R235,2,I_PHASE_B
C233,1,I_PHASE_B
C233,2,GND
TP211,1,I_PHASE_B
R236,1,SO_B_DRV
R236,2,I_DRV_B
C234,1,I_DRV_B
C234,2,GND
R237,1,PHASE_B
R237,2,SNUB_B
C235,1,SNUB_B
C235,2,GND
Q205,1,PHASE_C
Q205,2,PHASE_C
Q205,3,PHASE_C
Q205,4,GCH
Q205,5,VBUS
Q206,1,SOURCE_C
Q206,2,SOURCE_C
Q206,3,SOURCE_C
Q206,4,GCL
Q206,5,PHASE_C
R250,1,GHC_DRV
R250,2,GCH
R251,1,GCH
R251,2,PHASE_C
R252,1,GLC_DRV
R252,2,GCL
R253,1,GCL
R253,2,SOURCE_C
R254,1,SOURCE_C
R254,2,KS_C_P
R254,3,KS_C_N
R254,4,GND
C250,1,VBUS
C250,2,GND
C251,1,VBUS
C251,2,GND
U204,1,KS_C_N
U204,2,GND
U204,3,VBIAS_1V25
U204,4,GND
U204,5,I_C_RAW
U204,6,3V3_A
U204,7,VBIAS_1V25
U204,8,KS_C_P
C252,1,3V3_A
C252,2,GND
R255,1,I_C_RAW
R255,2,I_PHASE_C
C253,1,I_PHASE_C
C253,2,GND
TP212,1,I_PHASE_C
R256,1,SO_C_DRV
R256,2,I_DRV_C
C254,1,I_DRV_C
C254,2,GND
R257,1,PHASE_C
R257,2,SNUB_C
C255,1,SNUB_C
C255,2,GND
U401,1,GND
U401,2,VBUS
U401,3,BUCK_EN
U401,4,BUCK_RON
U401,5,BUCK_FB
U401,6,BUS_5V_GOOD
U401,7,BUCK_BST
U401,8,BUCK_SW
U401,9,GND
R401,1,VBUS
R401,2,BUCK_EN
R402,1,BUCK_EN
R402,2,GND
R403,1,BUCK_RON
R403,2,GND
C401,1,VBUS
C401,2,GND
C402,1,VBUS
C402,2,GND
C403,1,BUCK_BST
C403,2,BUCK_SW
L401,1,BUCK_SW
L401,2,5V_BUS
C404,1,5V_BUS
C404,2,GND
C405,1,5V_BUS
C405,2,GND
R404,1,5V_BUS
R404,2,BUCK_FB
R405,1,BUCK_FB
R405,2,GND
R406,1,BUCK_SW
R406,2,BUCK_RIPPLE
C406,1,BUCK_RIPPLE
C406,2,5V_BUS
C407,1,BUCK_RIPPLE
C407,2,BUCK_FB
R407,1,3V3
R407,2,BUS_5V_GOOD
U402,1,GND
U402,2,5V_SYS
U402,3,5V_BUS
U402,4,MUX_PR1
U402,5,5V_BUS
U402,6,USB_5V
U402,7,5V_SYS
U402,8,PWR_BUS_SELECTED
R408,1,5V_BUS
R408,2,MUX_PR1
R409,1,MUX_PR1
R409,2,GND
R410,1,3V3
R410,2,PWR_BUS_SELECTED
C408,1,5V_BUS
C408,2,GND
C409,1,USB_5V
C409,2,GND
C410,1,5V_SYS
C410,2,GND
U403,1,3V3
U403,2,VDD_FB
U403,3,GND
U403,4,5V_SYS
U403,6,5V_SYS
U403,7,GND
R417,1,3V3
R417,2,VDD_FB
R418,1,VDD_FB
R418,2,GND
C411,1,5V_SYS
C411,2,GND
C412,1,3V3
C412,2,GND
J401,A4,USB_VBUS_RAW
J401,A9,USB_VBUS_RAW
J401,B4,USB_VBUS_RAW
J401,B9,USB_VBUS_RAW
J401,A5,CC1
J401,B5,CC2
J401,A6,USB_DP_PORT
J401,B6,USB_DP_PORT
J401,A7,USB_DM_PORT
J401,B7,USB_DM_PORT
J401,A1,GND
J401,A12,GND
J401,B1,GND
J401,B12,GND
J401,SH,CHASSIS
R411,1,CC1
R411,2,GND
R412,1,CC2
R412,2,GND
F401,1,USB_VBUS_RAW
F401,2,USB_5V
C413,1,USB_VBUS_RAW
C413,2,GND
U404,1,USB_DP_PORT
U404,2,GND
U404,3,USB_DM_PORT
U404,4,USB_DM_ESD
U404,5,USB_VBUS_RAW
U404,6,USB_DP_ESD
R413,1,USB_DP_ESD
R413,2,USB_DP
R414,1,USB_DM_ESD
R414,2,USB_DM
R415,1,USB_VBUS_RAW
R415,2,USB_VBUS_SENSE
R416,1,USB_VBUS_SENSE
R416,2,GND
TP401,1,5V_BUS
TP402,1,5V_SYS
TP403,1,3V3
TP404,1,GND
#FLG401,1,5V_BUS
#FLG402,1,USB_VBUS_RAW
#FLG403,1,USB_5V
U501,1,LED_STATUS
U501,2,LED_COMM
U501,3,SENSOR_5V_EN
U501,4,SENSOR_nFAULT
U501,5,BRK_FAULT_SENSE
U501,6,3V3
U501,7,BUTTON_USER
U501,10,ENCODER_5V_EN
U501,11,ENCODER_nFAULT
U501,12,HSE_IN
U501,13,HSE_OUT
U501,14,NRST
U501,15,V_PHASE_C
U501,16,I_PHASE_A
U501,17,THROTTLE_ADC
U501,18,AUX_ANALOG_ADC
U501,19,PWR_BUS_SELECTED
U501,20,V_BUS_ADC
U501,21,I_PHASE_A
U501,22,V_PHASE_A
U501,23,GND
U501,24,3V3
U501,25,V_PHASE_B
U501,26,DAC1_CH1_TP
U501,27,DAC1_CH2_TP
U501,28,DUMP_I_ADC
U501,29,I_PHASE_B
U501,30,V_3V3_ADC
U501,31,I_DRV_B
U501,32,I_PHASE_C
U501,33,I_DRV_A
U501,34,I_DRV_C
U501,35,GND
U501,36,VREF_2V5
U501,37,3V3_A
U501,38,NTC_DUMP
U501,39,PWM_AL
U501,40,PWM_AH
U501,41,PWM_BL
U501,42,PWM_BH
U501,43,PWM_CL
U501,44,PWM_CH
U501,45,ADC_TRIG_SCOPE
U501,46,nFAULT_LATCH_SENSE
U501,47,nHW_ENABLE_SENSE
U501,48,GND
U501,49,3V3
U501,50,I_PHASE_C
U501,51,DRV_nCS
U501,52,DRV_SCK
U501,53,DRV_SDO
U501,54,DRV_SDI
U501,55,NTC_BRIDGE
U501,56,NTC_PCB
U501,57,NTC_MOTOR
U501,58,DUMP_ACTIVE_SENSE
U501,59,I_PHASE_B
U501,60,nBRAKE_IN
U501,61,nDIR_IN
U501,62,RC_PWM_IN
U501,63,GND
U501,64,3V3
U501,65,HALL_1
U501,66,HALL_2
U501,67,HALL_3
U501,68,BUS_OK_SENSE
U501,69,nOC_HW_SENSE
U501,70,USB_VBUS_SENSE
U501,71,CAN_STB
U501,72,USB_DM
U501,73,USB_DP
U501,74,GND
U501,75,3V3
U501,76,SWDIO
U501,77,SWCLK
U501,78,I2C_SCL
U501,79,UART_TX
U501,80,UART_RX
U501,81,DRV_WAKE_REQ
U501,82,CAN_RX
U501,83,CAN_TX
U501,84,WD_HEARTBEAT
U501,85,ENC_A
U501,86,ENC_B
U501,89,ENC_Z
U501,90,SWO
U501,91,DRV_nFAULT_SENSE
U501,92,WD_RUN_SENSE
U501,94,EEPROM_WP
U501,95,BOOT0
U501,96,I2C_SDA
U501,97,DUMP_PWM
U501,98,BRIDGE_ARM_REQ
U501,99,GND
U501,100,3V3
C501,1,3V3
C501,2,GND
C502,1,3V3
C502,2,GND
C503,1,3V3
C503,2,GND
C504,1,3V3
C504,2,GND
C505,1,3V3
C505,2,GND
C506,1,3V3
C506,2,GND
FB501,1,3V3
FB501,2,3V3_A
C507,1,3V3_A
C507,2,GND
C508,1,3V3_A
C508,2,GND
U502,1,VBIAS_1V25
U502,2,GND
U502,3,3V3_A
U502,4,3V3_A
U502,5,VREF_2V5
C509,1,3V3_A
C509,2,GND
C510,1,VREF_2V5
C510,2,GND
C511,1,VREF_2V5
C511,2,GND
C512,1,VBIAS_1V25
C512,2,GND
R501,1,VREF_2V5
R501,2,GND
D501,1,3V3_A
D501,2,VREF_2V5
Y501,1,HSE_IN
Y501,2,HSE_XOUT
R502,1,HSE_OUT
R502,2,HSE_XOUT
C513,1,HSE_IN
C513,2,GND
C514,1,HSE_XOUT
C514,2,GND
R503,1,BOOT0
R503,2,GND
JP501,1,BOOT0
JP501,2,3V3
SW501,1,NRST
SW501,2,GND
C515,1,NRST
C515,2,GND
R504,1,3V3
R504,2,NRST
SW502,1,BUTTON_USER
SW502,2,GND
R505,1,3V3
R505,2,BUTTON_USER
J501,1,3V3
J501,2,SWDIO
J501,3,GND
J501,4,SWCLK
J501,5,GND
J501,6,SWO
J501,9,GND
J501,10,NRST
TP501,1,VREF_2V5
TP502,1,VBIAS_1V25
TP503,1,3V3_A
TP504,1,ADC_TRIG_SCOPE
TP505,1,DAC1_CH1_TP
TP506,1,DAC1_CH2_TP
#FLG501,1,3V3_A
U301,1,nDUMP_REQUEST
U301,2,GND
U301,3,DUMP_HYST
U301,4,DUMP_VSENSE
U301,6,5V_BUS
R301,1,VBUS
R301,2,DUMP_DIV_MID
R302,1,DUMP_DIV_MID
R302,2,DUMP_VSENSE
R303,1,DUMP_VSENSE
R303,2,GND
R304,1,DUMP_REF
R304,2,DUMP_HYST
R305,1,nDUMP_REQUEST
R305,2,DUMP_HYST
R306,1,5V_BUS
R306,2,nDUMP_REQUEST
C301,1,DUMP_VSENSE
C301,2,GND
C302,1,5V_BUS
C302,2,GND
C303,1,DUMP_REF
C303,2,GND
U308,1,DUMP_REF
U308,2,GND
U308,3,5V_BUS
U308,4,5V_BUS
U308,5,DUMP_REF_2V5
C313,1,5V_BUS
C313,2,GND
C314,1,DUMP_REF_2V5
C314,2,GND
U302,1,5V_BUS
U302,2,DUMP_GH
U302,3,DUMP_GL
U302,4,DUMP_SOURCE
U302,5,nDUMP_REQUEST
U302,6,BRK_ARMED
R307,1,DUMP_GH
R307,2,DUMP_GATE
R308,1,DUMP_GL
R308,2,DUMP_GATE
Q301,1,DUMP_SOURCE
Q301,2,DUMP_SOURCE
Q301,3,DUMP_SOURCE
Q301,4,DUMP_GATE
Q301,5,DUMP_SW
R309,1,DUMP_GATE
R309,2,DUMP_SOURCE
R310,1,DUMP_SOURCE
R310,2,GND
C304,1,5V_BUS
C304,2,DUMP_SOURCE
C305,1,5V_BUS
C305,2,DUMP_SOURCE
J301,1,VBUS
J301,2,DUMP_SW
D301,1,VBUS
D301,2,DUMP_SW
U303,1,DUMP_CURRENT
U303,2,GND
U303,3,DUMP_SOURCE
U303,4,GND
U303,5,5V_BUS
C306,1,5V_BUS
C306,2,GND
U304,1,BRK_OC_OK
U304,2,GND
U304,3,DUMP_REF
U304,4,DUMP_CURRENT
U304,5,5V_BUS
C307,1,5V_BUS
C307,2,GND
R311,1,5V_BUS
R311,2,BRK_CLEAR
U305,1,BRK_POR
U305,2,GND
U305,3,5V_BUS
U305,4,BRK_CT
U305,5,5V_BUS
U305,6,5V_BUS
C308,1,BRK_CT
C308,2,GND
C309,1,5V_BUS
C309,2,GND
R312,1,5V_BUS
R312,2,BRK_POR
D302,1,BRK_POR
D302,2,BRK_CLEAR
D303,1,BRK_OC_OK
D303,2,BRK_CLEAR
R313,1,BRK_POR
R313,2,BRK_CLK_RC
C310,1,BRK_CLK_RC
C310,2,GND
U306,2,BRK_CLK_RC
U306,3,GND
U306,4,BRK_CLK
U306,5,5V_BUS
U307,1,BRK_CLK
U307,2,5V_BUS
U307,3,nBRK_ARMED
U307,4,GND
U307,5,BRK_ARMED
U307,6,BRK_CLEAR
U307,7,5V_BUS
U307,8,5V_BUS
R314,1,BRK_ARMED
R314,2,GND
C311,1,5V_BUS
C311,2,GND
R315,1,nDUMP_REQUEST
R315,2,DUMP_ACTIVE_SENSE
R316,1,DUMP_ACTIVE_SENSE
R316,2,GND
R317,1,nBRK_ARMED
R317,2,BRK_FAULT_SENSE
R318,1,BRK_FAULT_SENSE
R318,2,GND
Q302,1,DUMP_PWM_SAFE
Q302,2,GND
Q302,3,nDUMP_REQUEST
R319,1,DUMP_PWM_SAFE
R319,2,GND
TP301,1,DUMP_CURRENT
R320,1,DUMP_CURRENT
R320,2,DUMP_I_ADC
R321,1,DUMP_I_ADC
R321,2,GND
C312,1,DUMP_I_ADC
C312,2,GND
U601,1,5V_SYS
U601,2,GND
U601,3,SENSOR_5V_EN
U601,4,SENSOR_nFAULT
U601,5,5V_HALL_ILIM
U601,6,5V_HALL
R601,1,5V_HALL_ILIM
R601,2,GND
R602,1,SENSOR_5V_EN
R602,2,GND
R603,1,3V3
R603,2,SENSOR_nFAULT
C601,1,5V_SYS
C601,2,GND
C602,1,5V_HALL
C602,2,GND
U602,1,5V_SYS
U602,2,GND
U602,3,ENCODER_5V_EN
U602,4,ENCODER_nFAULT
U602,5,5V_ENCODER_ILIM
U602,6,5V_ENCODER
R605,1,5V_ENCODER_ILIM
R605,2,GND
R606,1,ENCODER_5V_EN
R606,2,GND
R607,1,3V3
R607,2,ENCODER_nFAULT
C603,1,5V_SYS
C603,2,GND
C604,1,5V_ENCODER
C604,2,GND
J601,1,5V_HALL
J601,2,GND
J601,3,HALL_1_IN
J601,4,HALL_2_IN
J601,5,HALL_3_IN
J602,1,5V_ENCODER
J602,2,GND
J602,3,ENC_A_IN
J602,4,ENC_B_IN
J602,5,ENC_Z_IN
R620,1,HALL_1_IN
R620,2,HALL_1_FILT
R621,1,5V_HALL
R621,2,HALL_1_IN
C610,1,HALL_1_FILT
C610,2,GND
D610,1,HALL_1_IN
D610,2,GND
R623,1,HALL_2_IN
R623,2,HALL_2_FILT
R624,1,5V_HALL
R624,2,HALL_2_IN
C611,1,HALL_2_FILT
C611,2,GND
D611,1,HALL_2_IN
D611,2,GND
R626,1,HALL_3_IN
R626,2,HALL_3_FILT
R627,1,5V_HALL
R627,2,HALL_3_IN
C612,1,HALL_3_FILT
C612,2,GND
D612,1,HALL_3_IN
D612,2,GND
U603,8,3V3
U603,4,GND
U603,1,HALL_1_FILT
U603,7,HALL_1
U603,3,HALL_2_FILT
U603,5,HALL_2
U603,6,HALL_3_FILT
U603,2,HALL_3
C605,1,3V3
C605,2,GND
R632,1,ENC_A_IN
R632,2,ENC_A_FILT
R633,1,5V_ENCODER
R633,2,ENC_A_IN
C613,1,ENC_A_FILT
C613,2,GND
D613,1,ENC_A_IN
D613,2,GND
R635,1,ENC_B_IN
R635,2,ENC_B_FILT
R636,1,5V_ENCODER
R636,2,ENC_B_IN
C614,1,ENC_B_FILT
C614,2,GND
D614,1,ENC_B_IN
D614,2,GND
R638,1,ENC_Z_IN
R638,2,ENC_Z_FILT
R639,1,5V_ENCODER
R639,2,ENC_Z_IN
C615,1,ENC_Z_FILT
C615,2,GND
D615,1,ENC_Z_IN
D615,2,GND
U604,8,3V3
U604,4,GND
U604,1,ENC_A_FILT
U604,7,ENC_A
U604,3,ENC_B_FILT
U604,5,ENC_B
U604,6,ENC_Z_FILT
U604,2,ENC_Z
C606,1,3V3
C606,2,GND
U701,1,3V3_A
U701,2,GND
U701,3,3V3
U701,4,3V3
U701,5,POR_CT
U701,6,POWER_OK
R701,1,NRST
R701,2,POWER_OK
C701,1,3V3
C701,2,GND
C702,1,POR_CT
C702,2,GND
U702,1,3V3
U702,2,WD_CWD
U702,3,3V3
U702,4,GND
U702,5,WD_RUN
U702,6,WD_HEARTBEAT
U702,7,WD_OK
U702,9,GND
R702,1,3V3
R702,2,WD_CWD
R703,1,NRST
R703,2,WD_OK
R704,1,WD_HEARTBEAT
R704,2,GND
C703,1,3V3
C703,2,GND
U703,1,NRST
U703,2,GND
U703,3,BUS_OK
U703,4,SYSTEM_GOOD_PRE
U703,5,3V3
U703,6,HW_ENABLE_OK
U704,1,SYSTEM_GOOD
U704,2,GND
U704,3,nOC_HW
U704,4,SAFETY_GOOD
U704,5,3V3
U704,6,DRV_nFAULT
U705,1,BRIDGE_ARM_REQ
U705,2,3V3
U705,3,nPWM_ENABLE
U705,4,GND
U705,5,nFAULT_LATCH
U705,6,SAFETY_GOOD
U705,7,3V3
U705,8,3V3
R705,1,BRIDGE_ARM_REQ
R705,2,GND
R706,1,3V3
R706,2,nPWM_ENABLE
U706,20,3V3
U706,10,GND
U706,1,nPWM_ENABLE
U706,19,nPWM_ENABLE
U706,2,PWM_AH
U706,18,IN_AH
U706,4,PWM_AL
U706,16,IN_AL
U706,6,PWM_BH
U706,14,IN_BH
U706,8,PWM_BL
U706,12,IN_BL
U706,11,PWM_CH
U706,9,IN_CH
U706,13,PWM_CL
U706,7,IN_CL
U706,15,GND
U706,17,GND
R710,1,IN_AH
R710,2,GND
R711,1,IN_AL
R711,2,GND
R712,1,IN_BH
R712,2,GND
R713,1,IN_BL
R713,2,GND
R714,1,IN_CH
R714,2,GND
R715,1,IN_CL
R715,2,GND
U707,1,DRV_WAKE_REQ
U707,2,GND
U707,3,NRST
U707,4,DRV_ENABLE_PRE
U707,5,3V3
U707,6,BUS_OK
R716,1,DRV_WAKE_REQ
R716,2,GND
U708,1,DUMP_PWM
U708,2,GND
U708,3,NRST
U708,4,DUMP_PWM_SAFE
U708,5,3V3
U708,6,nFAULT_LATCH
C711,1,3V3
C711,2,GND
C712,1,3V3
C712,2,GND
C713,1,3V3
C713,2,GND
C714,1,3V3
C714,2,GND
C715,1,3V3
C715,2,GND
C716,1,3V3
C716,2,GND
C717,1,3V3
C717,2,GND
C718,1,3V3
C718,2,GND
U709,1,CAN_TX
U709,2,GND
U709,3,3V3
U709,4,CAN_RX
U709,5,3V3
U709,6,CAN_L
U709,7,CAN_H
U709,8,CAN_STB
R717,1,3V3
R717,2,CAN_STB
R718,1,3V3
R718,2,CAN_TX
C704,1,3V3
C704,2,GND
J701,1,GND
J701,2,CAN_H
J701,3,CAN_L
R719,1,CAN_H
R719,2,CAN_TERM
JP701,1,CAN_TERM
JP701,2,CAN_L
D703,1,CAN_H
D703,2,CAN_L
D703,3,GND
J702,1,GND
J702,2,UART_TX
J702,3,UART_RX
J702,4,3V3
U101,3,3V3_A
U101,12,GND
U101,5,OC_HI
U101,4,I_PHASE_A
U101,2,nOC_HW
U101,7,I_PHASE_A
U101,6,OC_LO
U101,1,nOC_HW
U101,9,OC_HI
U101,8,I_PHASE_B
U101,14,nOC_HW
U101,11,I_PHASE_B
U101,10,OC_LO
U101,13,nOC_HW
U102,3,3V3_A
U102,12,GND
U102,5,OC_HI
U102,4,I_PHASE_C
U102,2,nOC_HW
U102,7,I_PHASE_C
U102,6,OC_LO
U102,1,nOC_HW
U102,9,BUS_OV_REF
U102,8,V_BUS_ADC
U102,14,BUS_OK
U102,11,V_BUS_ADC
U102,10,BUS_UV_REF
U102,13,BUS_OK
R110,1,VREF_2V5
R110,2,OC_HI
R111,1,OC_HI
R111,2,GND
R112,1,VREF_2V5
R112,2,OC_LO
R113,1,OC_LO
R113,2,GND
R114,1,VREF_2V5
R114,2,BUS_OV_REF
R115,1,BUS_OV_REF
R115,2,GND
R118,1,VREF_2V5
R118,2,BUS_UV_REF
R119,1,BUS_UV_REF
R119,2,GND
C117,1,BUS_UV_REF
C117,2,GND
C110,1,OC_HI
C110,2,GND
C111,1,OC_LO
C111,2,GND
C112,1,BUS_OV_REF
C112,2,GND
R116,1,3V3
R116,2,nOC_HW
R117,1,3V3
R117,2,BUS_OK
C113,1,3V3_A
C113,2,GND
C114,1,3V3_A
C114,2,GND
U503,1,GND
U503,2,GND
U503,3,GND
U503,4,GND
U503,5,I2C_SDA
U503,6,I2C_SCL
U503,7,EEPROM_WP
U503,8,3V3
R506,1,3V3
R506,2,I2C_SCL
R507,1,3V3
R507,2,I2C_SDA
R508,1,3V3
R508,2,EEPROM_WP
C516,1,3V3
C516,2,GND
C517,1,3V3
C517,2,GND
R511,1,LED_STATUS
R511,2,LED_1
D511,1,GND
D511,2,LED_1
R512,1,LED_COMM
R512,2,LED_2
D512,1,GND
D512,2,LED_2
R513,1,3V3
R513,2,LED_3
D513,1,GND
D513,2,LED_3
U710,2,nHW_ENABLE_FILT
U710,3,GND
U710,4,HW_ENABLE_OK
U710,5,3V3
J703,1,nHW_ENABLE_IN
J703,2,GND
R720,1,3V3
R720,2,nHW_ENABLE_IN
R721,1,nHW_ENABLE_IN
R721,2,nHW_ENABLE_FILT
C705,1,nHW_ENABLE_FILT
C705,2,GND
R801,1,VBUS
R801,2,V_BUS_ADC_MID
R802,1,V_BUS_ADC_MID
R802,2,V_BUS_ADC_DIV
R803,1,V_BUS_ADC_DIV
R803,2,GND
C801,1,V_BUS_ADC_DIV
C801,2,GND
D801,1,GND
D801,2,3V3_A
D801,3,V_BUS_ADC_DIV
R804,1,V_BUS_ADC_BUF
R804,2,V_BUS_ADC
C802,1,V_BUS_ADC
C802,2,GND
R811,1,PHASE_A
R811,2,V_PHASE_A_MID
R812,1,V_PHASE_A_MID
R812,2,V_PHASE_A_DIV
R813,1,V_PHASE_A_DIV
R813,2,GND
C811,1,V_PHASE_A_DIV
C811,2,GND
D811,1,GND
D811,2,3V3_A
D811,3,V_PHASE_A_DIV
R814,1,V_PHASE_A_BUF
R814,2,V_PHASE_A
C812,1,V_PHASE_A
C812,2,GND
R821,1,PHASE_B
R821,2,V_PHASE_B_MID
R822,1,V_PHASE_B_MID
R822,2,V_PHASE_B_DIV
R823,1,V_PHASE_B_DIV
R823,2,GND
C821,1,V_PHASE_B_DIV
C821,2,GND
D821,1,GND
D821,2,3V3_A
D821,3,V_PHASE_B_DIV
R824,1,V_PHASE_B_BUF
R824,2,V_PHASE_B
C822,1,V_PHASE_B
C822,2,GND
R831,1,PHASE_C
R831,2,V_PHASE_C_MID
R832,1,V_PHASE_C_MID
R832,2,V_PHASE_C_DIV
R833,1,V_PHASE_C_DIV
R833,2,GND
C831,1,V_PHASE_C_DIV
C831,2,GND
D831,1,GND
D831,2,3V3_A
D831,3,V_PHASE_C_DIV
R834,1,V_PHASE_C_BUF
R834,2,V_PHASE_C
C832,1,V_PHASE_C
C832,2,GND
U801,4,3V3_A
U801,11,GND
U801,3,V_BUS_ADC_DIV
U801,2,V_BUS_ADC_BUF
U801,1,V_BUS_ADC_BUF
U801,5,V_PHASE_A_DIV
U801,6,V_PHASE_A_BUF
U801,7,V_PHASE_A_BUF
U801,10,V_PHASE_B_DIV
U801,9,V_PHASE_B_BUF
U801,8,V_PHASE_B_BUF
U801,12,V_PHASE_C_DIV
U801,13,V_PHASE_C_BUF
U801,14,V_PHASE_C_BUF
C840,1,3V3_A
C840,2,GND
J801,1,5V_HALL
J801,2,GND
J801,3,THROTTLE_ADC_IN
R850,1,THROTTLE_ADC_IN
R850,2,THROTTLE_ADC_DIV
R851,1,THROTTLE_ADC_DIV
R851,2,GND
C850,1,THROTTLE_ADC_DIV
C850,2,GND
D850,1,GND
D850,2,3V3_A
D850,3,THROTTLE_ADC_DIV
J802,1,5V_HALL
J802,2,GND
J802,3,AUX_ANALOG_ADC_IN
R855,1,AUX_ANALOG_ADC_IN
R855,2,AUX_ANALOG_ADC_DIV
R856,1,AUX_ANALOG_ADC_DIV
R856,2,GND
C855,1,AUX_ANALOG_ADC_DIV
C855,2,GND
D855,1,GND
D855,2,3V3_A
D855,3,AUX_ANALOG_ADC_DIV
J803,1,GND
J803,2,5V_HALL
J803,3,RC_PWM_RAW
J804,1,GND
J804,2,nBRAKE_RAW
J804,3,nDIR_RAW
R865,1,RC_PWM_RAW
R865,2,RC_PWM_RAW_FILT
R866,1,GND
R866,2,RC_PWM_RAW
C865,1,RC_PWM_RAW_FILT
C865,2,GND
D865,1,RC_PWM_RAW
D865,2,GND
R868,1,nBRAKE_RAW
R868,2,nBRAKE_RAW_FILT
R869,1,3V3
R869,2,nBRAKE_RAW
C868,1,nBRAKE_RAW_FILT
C868,2,GND
D868,1,nBRAKE_RAW
D868,2,GND
R871,1,nDIR_RAW
R871,2,nDIR_RAW_FILT
R872,1,3V3
R872,2,nDIR_RAW
C871,1,nDIR_RAW_FILT
C871,2,GND
D871,1,nDIR_RAW
D871,2,GND
U802,8,3V3
U802,4,GND
U802,1,RC_PWM_RAW_FILT
U802,7,RC_PWM_IN
U802,3,nBRAKE_RAW_FILT
U802,5,nBRAKE_IN
U802,6,nDIR_RAW_FILT
U802,2,nDIR_IN
C845,1,3V3
C845,2,GND
R880,1,VREF_2V5
R880,2,NTC_BRIDGE
C880,1,NTC_BRIDGE
C880,2,GND
TH801,1,NTC_BRIDGE
TH801,2,GND
R883,1,VREF_2V5
R883,2,NTC_PCB
C883,1,NTC_PCB
C883,2,GND
TH802,1,NTC_PCB
TH802,2,GND
R886,1,VREF_2V5
R886,2,NTC_MOTOR_DIV
C886,1,NTC_MOTOR_DIV
C886,2,GND
J805,1,NTC_MOTOR_IN
J805,2,GND
R887,1,NTC_MOTOR_IN
R887,2,NTC_MOTOR_DIV
D886,1,GND
D886,2,3V3_A
D886,3,NTC_MOTOR_DIV
R889,1,VREF_2V5
R889,2,NTC_DUMP_DIV
C889,1,NTC_DUMP_DIV
C889,2,GND
J806,1,NTC_DUMP_IN
J806,2,GND
R890,1,NTC_DUMP_IN
R890,2,NTC_DUMP_DIV
D889,1,GND
D889,2,3V3_A
D889,3,NTC_DUMP_DIV
R898,1,3V3
R898,2,V_3V3_ADC
R899,1,V_3V3_ADC
R899,2,GND
C899,1,V_3V3_ADC
C899,2,GND
U711,1,SYSTEM_GOOD_PRE
U711,2,GND
U711,3,WD_RUN
U711,4,SYSTEM_GOOD
U711,5,3V3
U711,6,BRK_ARMED
U712,1,DRV_ENABLE_PRE
U712,2,GND
U712,3,WD_RUN
U712,4,DRV_ENABLE
U712,5,3V3
U712,6,BRK_ARMED
D704,1,nHW_ENABLE_IN
D704,2,GND
R722,1,3V3
R722,2,WD_RUN
JP704,1,3V3
JP704,2,WD_RUN
JP704,3,GND
C719,1,3V3
C719,2,GND
C720,1,3V3
C720,2,GND
#FLG201,1,DRV_VM
#FLG301,1,DUMP_SOURCE
R707,1,nOC_HW
R707,2,nOC_HW_SENSE
R708,1,BUS_OK
R708,2,BUS_OK_SENSE
R709,1,nFAULT_LATCH
R709,2,nFAULT_LATCH_SENSE
R723,1,WD_RUN
R723,2,WD_RUN_SENSE
R724,1,nHW_ENABLE_FILT
R724,2,nHW_ENABLE_SENSE
R725,1,DRV_nFAULT
R725,2,DRV_nFAULT_SENSE
R852,1,THROTTLE_ADC_BUF
R852,2,THROTTLE_ADC
C852,1,THROTTLE_ADC
C852,2,GND
D852,1,THROTTLE_ADC_IN
D852,2,GND
R857,1,AUX_ANALOG_ADC_BUF
R857,2,AUX_ANALOG_ADC
C857,1,AUX_ANALOG_ADC
C857,2,GND
D857,1,AUX_ANALOG_ADC_IN
D857,2,GND
U803,4,GND
U803,8,3V3_A
U803,3,THROTTLE_ADC_DIV
U803,2,THROTTLE_ADC_BUF
U803,1,THROTTLE_ADC_BUF
U803,5,AUX_ANALOG_ADC_DIV
U803,6,AUX_ANALOG_ADC_BUF
U803,7,AUX_ANALOG_ADC_BUF
C847,1,3V3_A
C847,2,GND
R888,1,NTC_MOTOR_BUF
R888,2,NTC_MOTOR
C888,1,NTC_MOTOR
C888,2,GND
D888,1,NTC_MOTOR_IN
D888,2,GND
R891,1,NTC_DUMP_BUF
R891,2,NTC_DUMP
C891,1,NTC_DUMP
C891,2,GND
D891,1,NTC_DUMP_IN
D891,2,GND
U804,4,GND
U804,8,3V3_A
U804,3,NTC_MOTOR_DIV
U804,2,NTC_MOTOR_BUF
U804,1,NTC_MOTOR_BUF
U804,5,NTC_DUMP_DIV
U804,6,NTC_DUMP_BUF
U804,7,NTC_DUMP_BUF
C848,1,3V3_A
C848,2,GND
C706,1,3V3
C706,2,GND
TP220,1,GAH
TP221,1,GAL
TP222,1,SOURCE_A
TP240,1,GBH
TP241,1,GBL
TP242,1,SOURCE_B
TP260,1,GCH
TP261,1,GCL
TP262,1,SOURCE_C
