id,value,unit,basis
I_HW_TRIP_POS,49.9582638,A,nominal_1mohm_gain20
I_HW_TRIP_NEG,49.9582638,A,nominal_1mohm_gain20
BUS_UV,10.5175292,V,nominal
BUS_OV,33,V,nominal
DUMP_OC,20.8333333,A,REF2025_VBIAS
DUMP_ON,31.2798343,V,1V25_reference_6mV_internal_hysteresis
DUMP_OFF,30.6483172,V,output0V1_6mV_internal_hysteresis
DUMP_REFERENCE_FRACTIONAL_BOUND,0.0013205,ratio,0p05pct_8ppm_per_C_100C_line_and_load
DUMP_COMPARATOR_OFFSET_BOUND,0.0150339831,V,9mV_plus_54dB_CMRR_plus_1mV_per_V_PSRR_full_span
DUMP_ON_CORNER_MIN,30.7267597,V,static_extreme_corners_not_dynamic_validation
DUMP_ON_CORNER_MAX,31.8109364,V,static_extreme_corners_not_dynamic_validation
DUMP_OFF_CORNER_MIN,30.1430987,V,same_parts_correlated_reference_offset
DUMP_OFF_CORNER_MAX,31.1798482,V,same_parts_correlated_reference_offset
DUMP_HYSTERESIS_MIN,0.487619319,V,correlated_not_subtracted_independent_extremes
DUMP_HYSTERESIS_MAX,0.727506344,V,correlated_not_subtracted_independent_extremes
DUMP_OCP_SCREEN_MIN,19.9118421,A,reference_comparator6mV_INA600uV_gain1p2pct_shunt1p75pct
DUMP_OCP_SCREEN_MAX,21.7968742,A,static_screen_thermal_drift_included
BUCK_SETPOINT,5.088,V,before_ripple_injection_offset
BUCK_FREQUENCY,301421.801,Hz,RON42k2
BUCK_IL_RIPPLE_12,0.142983529,A_pp,68uH_nominal_CCM
BUCK_FB_RIPPLE_12,0.0146826941,V_pp,type3_screening
BUCK_OUTPUT_RIPPLE_CEFF22U_12,0.0026952477,V_pp,assumes_total_Ceff22uF_verify_DC_bias_and_temperature
BUCK_RIPPLE_RATIO_12,5.44762325,ratio,in_phase_to_capacitive_ripple_SNVA874_screen
BUCK_IL_RIPPLE_26,0.199657557,A_pp,68uH_nominal_CCM
BUCK_FB_RIPPLE_26,0.0205024371,V_pp,type3_screening
BUCK_OUTPUT_RIPPLE_CEFF22U_26,0.00376355636,V_pp,assumes_total_Ceff22uF_verify_DC_bias_and_temperature
BUCK_RIPPLE_RATIO_26,5.44762325,ratio,in_phase_to_capacitive_ripple_SNVA874_screen
BUCK_IL_RIPPLE_30,0.206134588,A_pp,68uH_nominal_CCM
BUCK_FB_RIPPLE_30,0.0211675506,V_pp,type3_screening
BUCK_OUTPUT_RIPPLE_CEFF22U_30,0.00388564877,V_pp,assumes_total_Ceff22uF_verify_DC_bias_and_temperature
BUCK_RIPPLE_RATIO_30,5.44762325,ratio,in_phase_to_capacitive_ripple_SNVA874_screen
BUCK_IL_RIPPLE_50,0.222974871,A_pp,68uH_nominal_CCM
BUCK_FB_RIPPLE_50,0.0228968457,V_pp,type3_screening
BUCK_OUTPUT_RIPPLE_CEFF22U_50,0.00420308906,V_pp,assumes_total_Ceff22uF_verify_DC_bias_and_temperature
BUCK_RIPPLE_RATIO_50,5.44762325,ratio,in_phase_to_capacitive_ripple_SNVA874_screen
BUCK_SETPOINT_OFFSET_26V,5.13146517,V,type3_DC_offset_first_order
USB_SENSE_AT_4V4,2.64,V,Rtop10k_Rbottom15k
USB_SENSE_AT_5V25,3.15,V,Rtop10k_Rbottom15k
USB_SENSE_MIN_WITH_LEAKAGE,2.59178627,V,1pct_resistors_4p5uA_PA9_leakage
USB_SENSE_VIH_MARGIN,0.246786273,V,STM32_CMOS_0p7VDD_not_TTL_assumption
TLV9024_LOGIC_LOW_MARGIN,0.625,V,LVC_VILmax_minus_comparator_VOLmax_4mA_full_temp
DRV_GATE_CURRENT_PER_RAIL_20KHZ,0.0108382979,A,max_Qg_plus_worst_pulldown_load
DRV_GATE_RAIL_HEADROOM_12V,0.00916170213,A,datasheet_20mA_12V_rail
DRV_GATE_CURRENT_PER_RAIL_40KHZ,0.0210382979,A,exceeds_12V_budget_not_approved
LDO_LOSS_0.1,0.195,W,worst_rail_screen
LDO_DBV_RISE_0.1,45.0645,degC,old_SOT23_JEDEC_not_board_prediction
LDO_DRV_RISE_0.1,19.539,degC,WSON_EP_JEDEC_layout_dependent
LDO_LOSS_0.2,0.39,W,worst_rail_screen
LDO_DBV_RISE_0.2,90.129,degC,old_SOT23_JEDEC_not_board_prediction
LDO_DRV_RISE_0.2,39.078,degC,WSON_EP_JEDEC_layout_dependent
LDO_LOSS_0.25,0.4875,W,worst_rail_screen
LDO_DBV_RISE_0.25,112.66125,degC,old_SOT23_JEDEC_not_board_prediction
LDO_DRV_RISE_0.25,48.8475,degC,WSON_EP_JEDEC_layout_dependent
POR_MAIN_DELAY,0.0576428571,s,TPS3808_typical_CT_equation
POR_CHOPPER_DELAY,0.00621428571,s,TPS3808_typical_CT_equation
ADC_CURRENT_LSB,0.0366210938,A,12bit_3V_reference
ADC_CURRENT_ACQUISITION,5.76470588e-07,s,all_three_injected_ADCs_equal
ADC_CURRENT_CONVERSION,8.70588235e-07,s,24p5_sample_plus12p5_conversion
ADC_RC_RESIDUAL_FULLSTEP,4.68107116e-05,V,charge_sharing_5pF_ADC_100R_1nF_excludes_amplifier_settling
ADC_HALF_LSB,0.000366210938,V,12bit
DUMP_ADC_SCALE,0.036,V_per_A,10k_15k_divider
CRYSTAL_GM_CRITICAL,0.000884316554,S,ABM3_max_ESR_C0_AN2867_screen
CRYSTAL_DRIVE_CURRENT_MAX,0.000845154255,A_rms,100uW_max_ESR140_requires_measurement
HALL_ILIM_NOM,0.13526929,A,TI_typical_equation_200k
HALL_ILIM_MIN,0.114730863,A,200k_1pct_TI_min_equation
HALL_ILIM_MAX,0.159398689,A,200k_1pct_TI_max_equation
DC_LINK_C,0.001,F,10_matching_hybrids
DC_LINK_C_MIN,0.0008,F,minus20pct
DC_LINK_IRMS_NAMEPLATE,34.5,A_rms,125C_10kHz_factor_screening
DC_LINK_I_EACH_AT16A,1.6,A_rms,equal_sharing_screening
DC_LINK_LOSS_AT16A,0.4352,W,100kHz_ESR_proxy_requires_measurement
DC_LINK_ENERGY_26_31,0.1425,J,nominal_capacitance
REJECTED_MIXED_BANK_EACH_ELECTROLYTIC,2.08949717,A_rms,20kHz_16A_max_ESR_proxy
PRECHARGE_ENERGY_30V,0.45,J,source_harness_precharge_required
PRECHARGE_100R_INITIAL_30V,0.3,A,external_precharge_resistor
PRECHARGE_100R_5TAU,0.5,s,ignores_controller_load
PRECHARGE_100R_MAX_LOAD_12V,0.36,W,constant_power_load_screen_startup_can_stall
PRECHARGE_22R_MAX_LOAD_12V,1.63636364,W,still_measure_bus_before_bypass
DUMP_LEAD_ENERGY_1UH,0.000128,J,flyback_diode_pulse_and_average_loss_check
DUMP_LEAD_ENERGY_10UH,0.00128,J,flyback_diode_pulse_and_average_loss_check
DUMP_LEAD_ENERGY_100UH,0.0128,J,flyback_diode_pulse_and_average_loss_check
