step,operation,power_state,limit,pass_condition,failure_action
H01,photo_labels_and_bundle_colors,disconnected,,wire_identity_recorded,stop
H02,mechanical_backdrive_check,phases_open,no_forced_gearbox,shaft_moves_without_force,use_accessible_motor_shaft_or_defer
H03,DMM_phase_resistance_and_case_check,disconnected,DMM_only,three_phase_pairs_similar_no_case_short,stop
H04,DMM_sensor_diode_matrix,disconnected,meter_low_energy_test,record_only_no_pinout_inference,stop_if_unexpected_case_path
H05,AS190_color_comparison,disconnected,no_power_from_colors_alone,OEM_confirmation_or_sensor_PCB_trace,request_OEM_data_or_inspect_PCB
H06,sensor_supply_fault_screen,phases_open,1k_series_5mA_supply_limit,record_loaded_voltage_current,stop_on_clamp_heating_or_unexpected_voltage
H07,verified_sensor_supply_functional,phases_open,5V_current_limit_from_identified_sensor_datasheet,V_at_sensor_3V8_to_5V_no_excess_current,stop_no_blind_current_increase
H08,Hall_output_pullups,verified_sensor_supply,10k_to_3V3_each_signal,three_outputs_switch_under_scope,check_output_topology_no_pin_swaps_under_power
H09,Hall_sequence_record,phases_open,slow_manual_rotation,six_states_one_bit_edges_no_persistent_000_111,recheck_wiring_spacing_and_polarity
H10,Hall_phase_alignment,phases_open,low_speed_passive_rotation,Hall_edges_vs_line_BEMF_recorded,defer_commutation
H11,controller_sensor_connection,bridge_disabled,current_limited_5V,verified_pin_order_at_both_mating_faces,stop
