id,quantity,phase_or_wire,rotor_position,commanded_voltage_V,current_limit_A,value,unit,instrument,date,status
M001,wire_color,sensor_1,,,,,,,,pending
M002,wire_color,sensor_2,,,,,,,,pending
M003,wire_color,sensor_3,,,,,,,,pending
M004,wire_color,sensor_4,,,,,,,,pending
M005,wire_color,sensor_5,,,,,,,,pending
M006,R_line,P1_P2,,,,,ohm,,,pending
M007,R_line,P2_P3,,,,,ohm,,,pending
M008,R_line,P3_P1,,,,,ohm,,,pending
M009,R_case,P1_case,,,,,ohm,,,pending
M010,R_case,P2_case,,,,,ohm,,,pending
M011,R_case,P3_case,,,,,ohm,,,pending
M012,L_line,P1_P2,0,,,,H,,,pending
M013,L_line,P2_P3,0,,,,H,,,pending
M014,L_line,P3_P1,0,,,,H,,,pending
M015,Hall_supply_current,verified_Vplus_GND,,,,,A,,,pending
M016,Hall_sequence,verified_H1_H2_H3,,,,,binary_sequence,,,pending
M017,Hall_cycles_per_output_rev,all,,,,,cycles,,,pending
M018,back_EMF_line_rms,P1_P2,,,,,V_rms,,,pending
M019,output_speed,gearbox,,,,,rpm,,,pending
M020,no_load_bus_current,DC_input,,,,,A,,,pending
M021,case_temperature,motor,,,,,degC,,,pending
M022,cable_length,phase,,,,,m,,,pending
M023,cable_gauge,phase,,,,,AWG,,,pending
M024,PSU_model,bench,,,,,,,,pending
M025,scope_probe_model,bench,,,,,,,,pending
