scope,parameter,value,unit,evidence,source_id,status
OEM,manufacturer,Groschopp_Blue-White,,user_nameplate,USER_MOTOR,user_report
OEM,blue_white_part,90010-338,,user_nameplate,USER_MOTOR,user_report
OEM,model,BL6560-PS2120,,user_nameplate,USER_MOTOR,user_report
OEM,part_number,930-23-9002,,user_nameplate,USER_MOTOR,user_report
OEM,voltage,26,V,user_nameplate,USER_MOTOR,user_report
OEM,current,0.75,A,definition_unspecified,USER_MOTOR,user_report
OEM,reducer_output,10,W,user_nameplate,USER_MOTOR,user_report
OEM,speed_output,125,rpm,user_nameplate,USER_MOTOR,user_report
OEM,torque_output,6.68,in_lb,user_nameplate,USER_MOTOR,user_report
OEM,gear_ratio,20,ratio,user_nameplate,USER_MOTOR,user_report
OEM,UL_file,E74627,,user_nameplate,USER_MOTOR,user_report
OEM,phase_labels,P1_P2_P3,,user_observation,USER_MOTOR,user_report
OEM,hall_wire_colors,unknown,,no_OEM_mapping,USER_MOTOR,unverified
OEM,hall_supply,unknown,V,no_OEM_mapping,USER_MOTOR,unverified
OEM,hall_spacing,unknown,deg_electrical,no_OEM_mapping,USER_MOTOR,unverified
OEM,winding_connection,unknown,,no_OEM_mapping,USER_MOTOR,unverified
OEM,pole_pairs,unknown,count,measurement_required,USER_MOTOR,unmeasured
OEM,current_definition,unknown,,DC_input_or_phase_unspecified,USER_MOTOR,unverified
STANDARD_FAMILY,hall_spacing,120,deg_electrical,AS-190,GROS_AS190,verified_family_only
STANDARD_FAMILY,hall_supply_min,3.8,V,AS-190,GROS_AS190,verified_family_only
STANDARD_FAMILY,hall_supply_max,30,V,AS-190,GROS_AS190,verified_family_only
STANDARD_FAMILY,hall_supply_wire,red,,sensor_bundle_only,GROS_AS190,verified_family_only
STANDARD_FAMILY,hall_ground_wire,black,,sensor_bundle_only,GROS_AS190,verified_family_only
STANDARD_FAMILY,hall_1_wire,white,,sensor_bundle_only,GROS_AS190,verified_family_only
STANDARD_FAMILY,hall_2_wire,green,,sensor_bundle_only,GROS_AS190,verified_family_only
STANDARD_FAMILY,hall_3_wire,brown,,sensor_bundle_only,GROS_AS190,verified_family_only
STANDARD_FAMILY,phase_1_wire,brown,,power_bundle_only,GROS_AS190,verified_family_only
STANDARD_FAMILY,phase_2_wire,orange,,power_bundle_only,GROS_AS190,verified_family_only
STANDARD_FAMILY,phase_3_wire,red,,power_bundle_only,GROS_AS190,verified_family_only
STANDARD_FAMILY,chassis_wire,green_yellow,,AS-190,GROS_AS190,verified_family_only
STANDARD_CATALOG_57540,model,BL6560-PS2120,,catalog_different_winding,GROS_57540,verified_other_motor
STANDARD_CATALOG_57540,voltage,24,V,catalog_different_winding,GROS_57540,verified_other_motor
STANDARD_CATALOG_57540,speed,146,rpm,catalog_different_winding,GROS_57540,verified_other_motor
STANDARD_CATALOG_57540,torque,71.6,in_lb,catalog_different_winding,GROS_57540,verified_other_motor
STANDARD_CATALOG_57540,power,0.17,hp,catalog_rounded,GROS_57540,verified_other_motor
