id,block,parameter,resolution_gate,method,state
O001,motor,HALL_OEM_PINOUT,before_sensor_power,photo_PCB_trace_or_manufacturer,unmeasured
O002,motor,HALL_SUPPLY_CURRENT,before_controller_connection,current_limited_known_supply,unmeasured
O003,motor,HALL_OUTPUT_TOPOLOGY,before_controller_connection,pullup_and_scope,unmeasured
O004,motor,HALL_PHASE_ALIGNMENT,before_commutation,passive_back_EMF_and_Hall_scope,unmeasured
O005,motor,POLE_PAIRS,before_speed_control,Hall_cycles_per_known_motor_rotation,unmeasured
O006,motor,R_AB_R_BC_R_CA,before_commutation,low_current_4wire_DC,unmeasured
O007,motor,L_AB_L_BC_L_CA,before_current_loop,LCR_at_multiple_rotor_angles,unmeasured
O008,motor,PHASE_CASE_ISOLATION,before_commutation,DMM_no_megger_on_Hall,unmeasured
O009,motor,BEMF_KV,before_observer,known_speed_passive_scope,unmeasured
O010,motor,GEARBOX_BACKDRIVE,before_manual_rotation,low_force_mechanical_check,unmeasured
O011,motor,OEM_CURRENT_DEFINITION,before_rating_increase,manufacturer_or_controlled_characterization,unknown
O012,motor,CABLE_LENGTH_AND_AWG,before_transient_test,physical_measurement,unmeasured
O013,motor,MOTOR_TEMP_RISE,before_rating_increase,NTC_and_current_log,unmeasured
O014,dc_link,CAP_RIPPLE_SHARING,before_schematic_freeze,impedance_model_and_PWM_sweep,revised_matching_hybrid_bank_model
O015,dc_link,TVS_PULSE_ENERGY,before_schematic_freeze,cable_L_and_shutdown_energy,pending
O016,dc_link,INRUSH_PRECHARGE,before_first_battery,source_R_and_connector_surge,pending
O017,bridge,FET_HOT_RDS_AND_SWITCHING,before_rating_claim,scope_and_thermal,pending
O018,bridge,DRV_QG_THERMAL,before_schematic_freeze,max_QG_charge_pump_budget,pending
O019,current,ADC123_COMMON_TRIGGER,before_pinmap_freeze,RM0440_trigger_table,verified_vendor_ADC_header
O020,current,COMP_DAC_BREAK_ROUTES,before_pinmap_freeze,RM0440_interconnect_tables,verified_vendor_COMP_TIM_headers
O021,current,INPUT_FILTER_KELVIN_LOADING,before_schematic_freeze,DRV_shared_SP_gate_return_and_INA_bias,pending
O022,current,ADC_NOISE_AT_0A5,before_motor_current_control,known_current_injection,pending
O023,current,NEGATIVE_CURRENT_TRIP,before_regen,lower_threshold_comparator_injection,pending
O024,regen,CHOPPER_THRESHOLD_TOLERANCES,before_schematic_freeze,worst_case_reference_offset_resistors,corner_model_saved
O025,regen,DUMP_SHORT_OPEN_OVERTEMP,before_regen,hardware_fault_injection,pending
O026,regen,PASSIVE_RECTIFICATION_ON_FAULT,before_regen,backdrive_with_gates_off,pending
O027,power,USB_CURRENT_AND_SWITCHOVER,before_schematic_freeze,rail_budget_and_backfeed_measurement,pending
O028,power,REF_STARTUP_SHUTDOWN_ORDER,before_schematic_freeze,VREF_VDDA_waveforms,pending
O029,connectors,XT60PW_EXACT_DRAWING,before_footprint_freeze,manufacturer_drawing,pending
O030,connectors,MT60_BOARD_OR_PIGTAIL,before_footprint_freeze,manufacturer_part_availability,MT60_pigtail_wire_pads
O031,pcb,FAB_STACKUP,before_layout_rules,fabricator_stackup,user_choice_later
O032,pcb,PEAK_CURRENT_DURATION,before_rating_claim,thermal_transient_and_SOA,pending
O033,firmware,OPEN_SOURCE_LICENSE,before_public_release,user_text,user_choice_later
O034,bench,PSU_MODEL_SINK_OVP,before_regen,manual_and_physical_confirmation,unknown
O035,bench,PROBE_DIFFERENTIAL_CAPABILITY,before_gate_measurement,tool_model_and_grounding,unknown
O036,USB,LOCATOR_HOLE_CLEARANCE,before_layout_release,manufacturer_land_pattern_vs_fab_NPTH_clearance,review_required
O037,power,BUCK_EP_THERMAL_VIAS,before_layout_release,0p2mm_stock_vias_vs_fab_drill,review_required
O038,BOM,ORDERABLE_MPN_AUDIT,before_purchase,all_assembly_lines_against_manufacturer,pending
O039,regen,SOURCE_SPECIFIC_REGEN_LIMIT,before_regen,6S_charge_limit_vs_31V_emergency_clamp,firmware_and_bench_required
