id,block,manufacturer,mpn,qty,value,package,source_id,selection,state,footprint_status
P001,mcu,STMicroelectronics,STM32G474VET6,1,170MHz_512KB,LQFP100,ST_G474,ADC_TIM_COMP_USB_FDCAN,selected,assigned_m02
P002,bridge,Texas_Instruments,DRV8353SRTAT,1,SPI_3CSA,WQFN40_RTA,TI_DRV8353,charge_pump_VDS_OCP,selected,assigned_m02
P003,bridge_regen,Infineon,ISC011N06LM5ATMA1,7,60V_1m15_10V,PG_TDSON8_FL,IFX_ISC011,bridge_and_5V_chopper_compatibility,selected,assigned_m02
P004,current,Bourns,CSS4J-4026R-1L00F,3,1mohm_1pct_8W,4026_4terminal,BOURNS_CSS4J,Kelvin_pulse_rating,selected,assigned_m02
P005,current,Texas_Instruments,INA241A2IDR,3,20VperV,SOIC8,TI_INA241,15uV_offset_1us_typ_settling,selected,checked_devlog04
P006,reference,Texas_Instruments,REF2025AIDDCR,1,2V5_1V25,SOT23_THIN5_DDC,TI_REF2030,guaranteed_loaded_headroom,selected,checked_devlog04
P007,power,Texas_Instruments,LM5164DDAR,1,100V_1A,SO_POWERPAD8,TI_LM5164,independent_bus_aux_rail,selected,assigned_m02
P008,power,Texas_Instruments,TPS2116DRLR,1,5V_power_mux,SOT5X3_8_DRL,TI_TPS2116,USB_bus_priority_reverse_blocking,selected,assigned_m02
P009,power,Texas_Instruments,TLV75801PDRVR,1,3V3605_500mA,WSON6_EP_DRV,TI_TLV758,reset_release_margin_and_WSON_thermal,selected,checked_devlog04
P010,dc_link,Littelfuse,SMCJ30A,1,30V_standoff_48V4_clamp,DO214AB,LF_SMCJ,pulse_clamp_only,selected,assigned_m02
P011,dc_link,Nichicon,GXC1J101MCW1GS,10,100uF_63V_17mohm,SMD_D10_L12p5,NICH_GXC,4A6_125C_3A3_135C_100kHz,captured,assigned_m02
P012,dc_link,Nichicon,UPW1J331MHD,0,330uF_63V,radial_D12p5_P5,NICH_UPW,replaced_mixed_ripple_bank,not_selected,pending_ripple_model
P013,dc_link,TDK,C3216X7R2A105K160AA,6,1uF_100V_X7R,1206,CALC,local_halfbridge_DC_bias_derating,captured,assigned_m02
P014,watchdog,Texas_Instruments,TPS3431SDRBR,1,200ms,VSON8,TI_TPS3431,hardware_heartbeat_timeout,selected,assigned_m02
P015,regen,Texas_Instruments,TLV3011BIDBVR,1,external_REF2025_bias,SOT23_6,TI_TLV3012,independent_bus_hysteresis,captured,checked_devlog04
P016,regen,Texas_Instruments,UCC27511ADBVR,1,4A_source_8A_sink,SOT23_6,TI_UCC27511,5V_chopper_gate_drive,selected,assigned_m02
P017,regen,Phoenix_Contact,1711725,1,2pin_24A_5mm08,THT,PHOENIX_1711725,dump_resistor_connector,selected,assigned_m02
P018,can,Texas_Instruments,TCAN3403DRQ1,1,3V3_CAN_FD,SOIC8,TI_TCAN3403,58V_bus_standoff,selected,assigned_m02
P019,usb,STMicroelectronics,USBLC6-2SC6,1,USB_ESD,SOT23_6,ST_USBLC6,USB_data_protection,selected,assigned_m02
P020,config,STMicroelectronics,M24C64-RMN6TP,1,64kbit_8KB_I2C,SO8,ST_M24C64,nonvolatile_configuration,candidate,assigned_m02
P021,sensors,Texas_Instruments,TPS2553DBVR-1,2,5V_current_limited,SOT23_6,TI_TPS2553,Hall_encoder_independent_latch_off,candidate,assigned_m02
P022,sensors_io,Texas_Instruments,SN74LVC3G17DCTR,3,3channel_5V5_inputs,SSOP8,TI_LVC3G17,Hall_encoder_control_buffers,selected,assigned_m02
P023,input,AMASS,XT60PW-M,1,DC_input,THT,AMASS_XT60PW,pad1_negative_pad2_positive,selected,polarity_corrected_devlog04
P024,motor,AMASS,MT60-M,1,3phase_output,12AWG_pigtail,USER_PLAN,keyed_three_phase,candidate,assigned_m02
P025,signal,JST,GH_series,10,1mm25_pitch,SMT,JST_GH_LAND,locking_low_voltage_IO,candidate,drawing_checked_physical_fit_pending
P026,thermal,Murata,NCP18XH103F03RB,2,10k_B25_50_3380K,0603,MURATA_NCP18,bridge_and_PCB_temperature,candidate,assigned_m02
P027,clock,Abracon,ABM3-8.000MHZ-D2Y-T,1,8MHz_CL18pF,5032_2pad,ABR_ABM3,HSE_with_CL_matched_caps,selected,checked_m03
P028,usb,GCT,USB4105-GF-A,1,USB_C_USB2_receptacle,hybrid_mount,GCT_USB4105,PCBWay_ground_corner_variant,candidate,checked_m03
P029,debug,Samtec,FTSH-105-01-L-DV-007-K,1,SWD_1mm27_pin7_omitted,SMT_2x5_1p27,SAMTEC_FTSH,SWD_SWO_VREF_NRST,selected,local_manufacturer_land_devlog04
A001,gate_alternative,Infineon,6EDL7141XUMA1,0,60V_operating_70V_abs,VQFN48,IFX_6EDL7141,integrated_buck_and_watchdog,not_selected,
A002,gate_alternative,Texas_Instruments,DRV8363,0,85V_class,VQFN48,TI_DRV8363,12V_external_supply_extra_rail,not_selected,
A003,current_alternative,Texas_Instruments,INA240A1,0,20VperV,TSSOP8,TI_INA240,slower_settling_than_INA241,not_selected,
P030,safety,Texas_Instruments,TLV9024PWR,2,bipolar_window,TSSOP14,TI_TLV9024,guaranteed_LOW_logic_margin,captured,checked_m03
P031,safety,Texas_Instruments,SN74LVC244APWR,1,PWM_buffer,TSSOP20,TI_LVC244,captured_topology,captured,assigned_m02
P032,safety_regen,Texas_Instruments,SN74LVC1G74DCTR,2,fault_latch,SSOP8,TI_LVC1G74,captured_topology,captured,assigned_m02
P033,analog,Texas_Instruments,TLV9064IPWR,1,ADC_buffers,TSSOP14,TI_TLV9064,captured_topology,captured,assigned_m02
P034,regen,Texas_Instruments,INA180A1IDBVR,1,gain20,SOT23_5,TI_INA180,captured_topology,captured,assigned_m02
P035,regen,Texas_Instruments,TLV3201AIDBVR,1,dump_OC,SOT23_5,TI_TLV3201,captured_topology,captured,assigned_m02
P036,safety,Texas_Instruments,TPS389033DSER,1,3V17_fall_3V189_rise,WSON6_DSE_no_EP,TI_TPS3890,filtered_analog_supply_supervision,captured,checked_devlog04
P037,regen,Texas_Instruments,TPS3808G50DBVR,1,4V65_reset,SOT23_6,TI_TPS3808,captured_topology,captured,assigned_m02
P038,regen,Texas_Instruments,REF2025AIDDCR,1,2V5_1V25,SOT23_THIN5_DDC,TI_REF2030,bus_powered_precise_clamp_reference,selected,checked_m03
P039,analog,Texas_Instruments,TLV9062IDR,2,dual_ADC_buffer,SOIC8,TI_TLV9064,external_analog_and_NTC_isolation,selected,checked_m03
P040,regen,STMicroelectronics,STPS5H100AF,1,100V_5A,SOD128,ST_STPS5H100AF,matched_ordercode_and_footprint,selected,checked_m03
P041,power,TDK,CGA6N3X7R2A225K230AB,2,2u2_100V,1210,TDK_CGA6,buck_input_cap,selected,checked_m03
P042,power,Taiyo_Yuden,MSAST32MSB7226KPNB25,2,22u_25V,1210,TY_MSA22U,buck_output_current_ordercode,selected,checked_m03
P043,bridge,Panasonic,EEUFC1J220,1,22u_63V,radial_D6p3_P2p5,PANA_FC22U,driver_VM_bulk,selected,checked_m03
P044,power,Coilcraft,MSS1246T-683MLC,1,68uH,MSS1246T,COIL_MSS1246,buck_inductor,selected,checked_m03
P045,analog,Nexperia,"BAV199,215",8,low_leakage_dual_diode,SOT23,NXP_BAV199,ADC_buffer_input_clamp,selected,checked_m03
