signal,pin,peripheral,configuration,source,state
I_PHASE_A,PA1,ADC1_IN2,TIM1_TRGO_injected,ST_G4_LL_ADC,verified_route
I_PHASE_B,PA7,ADC2_IN4,TIM1_TRGO_injected,ST_G4_LL_ADC,verified_route
I_PHASE_C,PB0,ADC3_IN12,TIM1_TRGO_injected,ST_G4_LL_ADC,verified_route
I_A_UPPER,PA1,COMP1,DAC3_CH1_noninverted_TIM1_BKIN,ST_G4_LL_COMP,verified_route
I_A_LOWER,PC1,COMP3,DAC1_CH1_inverted_TIM1_BKIN,ST_G4_LL_COMP,verified_route
I_B_UPPER,PA7,COMP2,DAC3_CH2_noninverted_TIM1_BKIN,ST_G4_LL_COMP,verified_route
I_B_LOWER,PD12,COMP5,DAC4_CH1_inverted_TIM1_BKIN,ST_G4_LL_COMP,verified_route
I_C_UPPER,PB0,COMP4,DAC3_CH2_noninverted_TIM1_BKIN,ST_G4_LL_COMP,verified_route
I_C_LOWER,PB11,COMP6,DAC4_CH2_inverted_TIM1_BKIN,ST_G4_LL_COMP,verified_route
OCP_DAC_B_C,,DAC3_CH2,shared_upper_threshold_calibrate_conservatively,ST_G4_LL_COMP,firmware_constraint
PWM_AH_AL,PE9_PE8,TIM1_CH1_CH1N,6PWM_center_aligned,ST_G474,verified_function
PWM_BH_BL,PE11_PE10,TIM1_CH2_CH2N,6PWM_center_aligned,ST_G474,verified_function
PWM_CH_CL,PE13_PE12,TIM1_CH3_CH3N,6PWM_center_aligned,ST_G474,verified_function
HW_BREAK,PE15,TIM1_BKIN,active_low_AOE_0_idle_outputs_0,ST_G4_LL_TIM,firmware_constraint
HALL_1_2_3,PC6_PC7_PC8,TIM3_CH1_CH2_CH3,XOR_Hall_capture,ST_G474,verified_function
ENC_A_B,PD3_PD4,TIM2_CH1_CH2,quadrature_mode,ST_G474,verified_function
ENC_Z,PD7,EXTI7,index_capture,ST_G474,verified_function
RC_PWM,PD15,TIM4_CH4,pulse_capture_timeout_required,ST_G474,verified_function
DRV_SPI,PB13_PB14_PB15,SPI2,mode1_MSB_first_nCS_PB12,TI_DRV8353,verified_protocol
CAN,PD0_PD1,FDCAN1,STB_high_at_reset,ST_G474,verified_function
UART,PC10_PC11,USART3,3V3_TTL,ST_G474,verified_function
USB,PA11_PA12,USB_FS,VBUS_sense_PA9_HSI48_CRS,ST_G474,verified_function
EEPROM,PA15_PB9,I2C1,WP_PB7_high_at_reset,ST_G474,verified_function
BOOT0,PB8,BOOT0,100k_pulldown_boot_jumper,ST_G474,verified_pin
NRST,PG10,NRST,reset_mode_not_GPIO,ST_G474,verified_pin
ADC_CLOCK,,ADC12_ADC345,common_42M5_clock_and_equal_sample_times,ST_G4_LL_ADC,firmware_constraint
DUMP_I_ADC,PA6,ADC2_IN3,regular_long_acquisition_36mV_per_A,ST_G474,verified_function
DRV_nFAULT_SENSE,PB4,GPIO,PWR_CR3_UCPD1_DBDIS_required_before_read,ST_G474,firmware_constraint
ADC_REFERENCE,VREFplus_pin36,VREFplus,external_2V5_internal_VREFBUF_disabled,ST_G474,firmware_constraint
PRIMARY_CURRENT,PA1_PA7_PB0,ADC1_ADC2_ADC3,1V25_zero_20mV_per_A_calibrate_sign_and_offset,TI_INA241,firmware_constraint
DRV_DIAGNOSTIC_CSA,PB1_PC5_PB2,DRV8353_SPI,CSA_GAIN_10_VREF_DIV_1_midpoint_actual_3V3_A_over2,TI_DRV8353,firmware_constraint
THROTTLE_SCALE,PC2,ADC1_IN8,10k_over_12k1_plus_10k_0p452488688,ST_G474,firmware_constraint
