pin,pad_name,net,function,secondary_function,domain,state,source_id
1,PE2,LED_STATUS,GPIO_OUT,,3V3,draft,KICAD_G474
2,PE3,LED_COMM,GPIO_OUT,,3V3,draft,KICAD_G474
3,PE4,SENSOR_5V_EN,GPIO_OUT,,3V3,draft,KICAD_G474
4,PE5,SENSOR_nFAULT,GPIO_IN,,3V3,draft,KICAD_G474
5,PE6,DUMP_NTC_PRESENT,GPIO_IN,,3V3,draft,KICAD_G474
6,VBAT,3V3,POWER,,3V3,draft,ST_G474
7,PC13,BUTTON_USER,GPIO_IN,,3V3,draft,KICAD_G474
8,PC14,NC,NC,,,reserved,KICAD_G474
9,PC15,NC,NC,,,reserved,KICAD_G474
10,PF9,ENCODER_5V_EN,GPIO_OUT,,3V3,draft,KICAD_G474
11,PF10,ENCODER_nFAULT,GPIO_IN,,3V3,draft,KICAD_G474
12,PF0,HSE_IN,RCC_OSC_IN,,clock,draft,KICAD_G474
13,PF1,HSE_OUT,RCC_OSC_OUT,,clock,draft,KICAD_G474
14,PG10,NRST,RESET,,3V3,reset_mode_audit_pending,ST_G474
15,PC0,V_PHASE_C,ADC2_IN6,,analog_3V0,draft,KICAD_G474
16,PC1,I_PHASE_A,COMP3_INP,,analog_3V0,DAC_route_pending,KICAD_G474
17,PC2,THROTTLE_ADC,ADC1_IN8,,analog_3V0,draft,KICAD_G474
18,PC3,AUX_ANALOG_ADC,ADC1_IN9,,analog_3V0,draft,KICAD_G474
19,PF2,USB_POWER_GOOD,GPIO_IN,,3V3,draft,KICAD_G474
20,PA0,V_BUS_ADC,ADC1_IN1,,analog_3V0,draft,KICAD_G474
21,PA1,I_PHASE_A,ADC1_IN2,COMP1_INP,analog_3V0,trigger_DAC_route_pending,KICAD_G474
22,PA2,V_PHASE_A,ADC1_IN3,,analog_3V0,draft,KICAD_G474
23,VSS,GND,POWER,,GND,draft,ST_G474
24,VDD,3V3,POWER,,3V3,draft,ST_G474
25,PA3,V_PHASE_B,ADC1_IN4,,analog_3V0,draft,KICAD_G474
26,PA4,OCP_DAC_HIGH,DAC1_OUT1,,analog_3V0,threshold_route_pending,KICAD_G474
27,PA5,OCP_DAC_LOW,DAC1_OUT2,,analog_3V0,threshold_route_pending,KICAD_G474
28,PA6,NC,NC,,,reserved,KICAD_G474
29,PA7,I_PHASE_B,ADC2_IN4,COMP2_INP,analog_3V0,trigger_DAC_route_pending,KICAD_G474
30,PC4,V_3V3_ADC,ADC2_IN5,,analog_3V0,draft,KICAD_G474
31,PC5,I_DRV_B,ADC2_IN11,,analog_3V3,ADC_fullscale_clip_audit,KICAD_G474
32,PB0,I_PHASE_C,ADC3_IN12,COMP4_INP,analog_3V0,trigger_DAC_route_pending,KICAD_G474
33,PB1,I_DRV_A,ADC3_IN1,,analog_3V3,ADC_fullscale_clip_audit,KICAD_G474
34,PB2,I_DRV_C,ADC2_IN12,,analog_3V3,ADC_fullscale_clip_audit,KICAD_G474
35,VSSA,GND,POWER,,GND,draft,ST_G474
36,VREF+,VREF_3V0,POWER,,analog_3V0,draft,ST_G474
37,VDDA,3V3_A,POWER,,analog_3V3,draft,ST_G474
38,PE7,NTC_DUMP,ADC3_IN4,,analog_3V0,draft,KICAD_G474
39,PE8,PWM_AL,TIM1_CH1N,,3V3,draft,KICAD_G474
40,PE9,PWM_AH,TIM1_CH1,,3V3,draft,KICAD_G474
41,PE10,PWM_BL,TIM1_CH2N,,3V3,draft,KICAD_G474
42,PE11,PWM_BH,TIM1_CH2,,3V3,draft,KICAD_G474
43,PE12,PWM_CL,TIM1_CH3N,,3V3,draft,KICAD_G474
44,PE13,PWM_CH,TIM1_CH3,,3V3,draft,KICAD_G474
45,PE14,ADC_TRIG_SCOPE,TIM1_CH4,,3V3,draft,KICAD_G474
46,PE15,nFAULT_LATCH,TIM1_BKIN,,3V3,draft,KICAD_G474
47,PB10,nHW_ENABLE_SENSE,GPIO_IN,,3V3,draft,KICAD_G474
48,VSS,GND,POWER,,GND,draft,ST_G474
49,VDD,3V3,POWER,,3V3,draft,ST_G474
50,PB11,I_PHASE_C,COMP6_INP,,analog_3V0,DAC_route_pending,KICAD_G474
51,PB12,DRV_nCS,GPIO_OUT,,3V3,draft,KICAD_G474
52,PB13,DRV_SCK,SPI2_SCK,,3V3,draft,KICAD_G474
53,PB14,DRV_SDO,SPI2_MISO,,3V3,external_pullup_required,KICAD_G474
54,PB15,DRV_SDI,SPI2_MOSI,,3V3,draft,KICAD_G474
55,PD8,NTC_BRIDGE,ADC4_IN12,,analog_3V0,draft,KICAD_G474
56,PD9,NTC_PCB,ADC4_IN13,,analog_3V0,draft,KICAD_G474
57,PD10,NTC_MOTOR,ADC5_IN7,,analog_3V0,draft,KICAD_G474
58,PD11,DUMP_ACTIVE_SENSE,GPIO_IN,,3V3,draft,KICAD_G474
59,PD12,I_PHASE_B,COMP5_INP,,analog_3V0,DAC_route_pending,KICAD_G474
60,PD13,nBRAKE_IN,GPIO_IN,,3V3_buffered,draft,KICAD_G474
61,PD14,nDIR_IN,GPIO_IN,,3V3_buffered,draft,KICAD_G474
62,PD15,RC_PWM_IN,TIM4_CH4,,3V3_buffered,draft,KICAD_G474
63,VSS,GND,POWER,,GND,draft,ST_G474
64,VDD,3V3,POWER,,3V3,draft,ST_G474
65,PC6,HALL_1,TIM3_CH1,,3V3_buffered,draft,KICAD_G474
66,PC7,HALL_2,TIM3_CH2,,3V3_buffered,draft,KICAD_G474
67,PC8,HALL_3,TIM3_CH3,,3V3_buffered,draft,KICAD_G474
68,PC9,nBUS_VALID_SENSE,GPIO_IN,,3V3,draft,KICAD_G474
69,PA8,NC,NC,,,reserved,KICAD_G474
70,PA9,USB_VBUS_SENSE,GPIO_IN,,3V3_divided,draft,KICAD_G474
71,PA10,CAN_STB,GPIO_OUT,,3V3,draft,KICAD_G474
72,PA11,USB_DM,USB_DM,,USB_FS,draft,KICAD_G474
73,PA12,USB_DP,USB_DP,,USB_FS,draft,KICAD_G474
74,VSS,GND,POWER,,GND,draft,ST_G474
75,VDD,3V3,POWER,,3V3,draft,ST_G474
76,PA13,SWDIO,SYS_JTMS-SWDIO,,3V3,draft,KICAD_G474
77,PA14,SWCLK,SYS_JTCK-SWCLK,,3V3,draft,KICAD_G474
78,PA15,EEPROM_WP,GPIO_OUT,,3V3,draft,KICAD_G474
79,PC10,UART_TX,USART3_TX,,3V3,draft,KICAD_G474
80,PC11,UART_RX,USART3_RX,,3V3,draft,KICAD_G474
81,PC12,FAULT_CLEAR,GPIO_OUT,,3V3,draft,KICAD_G474
82,PD0,CAN_RX,FDCAN1_RX,,3V3,draft,KICAD_G474
83,PD1,CAN_TX,FDCAN1_TX,,3V3,draft,KICAD_G474
84,PD2,WD_HEARTBEAT,GPIO_OUT,,3V3,draft,KICAD_G474
85,PD3,ENC_A,TIM2_CH1,,3V3_buffered,draft,KICAD_G474
86,PD4,ENC_B,TIM2_CH2,,3V3_buffered,draft,KICAD_G474
87,PD5,NC,NC,,,reserved,KICAD_G474
88,PD6,NC,NC,,,reserved,KICAD_G474
89,PD7,ENC_Z,GPIO_IN,,3V3_buffered,draft,KICAD_G474
90,PB3,SWO,SYS_JTDO-SWO,,3V3,draft,KICAD_G474
91,PB4,DRV_nFAULT,GPIO_IN,,3V3,external_pullup_required,KICAD_G474
92,PB5,NC,NC,,,reserved,KICAD_G474
93,PB6,NC,NC,,,reserved,KICAD_G474
94,PB7,NC,NC,,,reserved,KICAD_G474
95,PB8,I2C_SCL,I2C1_SCL,,3V3,draft,KICAD_G474
96,PB9,I2C_SDA,I2C1_SDA,,3V3,draft,KICAD_G474
97,PE0,DUMP_PWM,TIM16_CH1,,3V3,draft,KICAD_G474
98,PE1,BRIDGE_ARM_REQ,GPIO_OUT,,3V3,draft,KICAD_G474
99,VSS,GND,POWER,,GND,draft,ST_G474
100,VDD,3V3,POWER,,3V3,draft,ST_G474
