id,parameter,min,target,max,unit,basis,status,source_id
R001,V_BUS_RUN,12,26,30,V,user_choice,accepted,USER_PLAN
R002,V_6S_FULL,,25.2,,V,6x4.2,accepted,USER_PLAN
R003,I_PHASE_CONT_PASSIVE,,15,,A_rms,Ta_25C_open_air,target_unvalidated,USER_PLAN
R004,I_PHASE_CONT_COOLED,,20,,A_rms,Ta_25C_airflow_or_spreader,target_unvalidated,USER_PLAN
R005,I_PHASE_PEAK,,40,,A_peak,duration_TBD_SOAs_thermal,target_unvalidated,USER_PLAN
R006,I_BUS_CONT_LIMIT,,20,,A,independent_of_phase_limit,provisional,CALC
R007,V_MOSFET_DS,,60,,V,absolute_rating,verified,IFX_ISC011
R008,V_CAP_DC_LINK,,63,,V,rated_voltage,verified,NICH_GXC
R009,V_DRV_VM,9,,75,V,recommended_operating,verified,TI_DRV8353
R010,V_DRV_VM_ABS,,,80,V,absolute_maximum,verified,TI_DRV8353
R011,V_DRV_VDRAIN,7,,100,V,recommended_operating,verified,TI_DRV8353
R012,V_DRV_VDRAIN_ABS,,,102,V,absolute_maximum,verified,TI_DRV8353
R013,V_BUCK_IN,6,,100,V,recommended_operating,verified,TI_LM5164
R014,V_BUS_TRANSIENT_ACCEPT,,,50,V,scope_at_MOSFET_DS_target,unvalidated,CALC
R015,V_TVS_STANDOFF,,30,,V,SMCJ30A,verified,LF_SMCJ
R016,V_TVS_CLAMP,,,48.4,V,31A_10_1000us_25C,verified,LF_SMCJ
R017,V_CHOPPER_ON,30.7268,31.2798,31.8109,V,component_tolerance_budget,static_corner_model,CALC
R018,V_CHOPPER_OFF,30.1431,30.6483,31.1798,V,component_tolerance_budget,static_corner_model,CALC
R019,V_REGEN_SOFT_DEFAULT,,28.5,,V,26V_bench_profile_only,provisional,USER_PLAN
R020,V_REGEN_6S_MAX,,,25.2,V,pack_BMS_charge_limit,profile_dependent,USER_PLAN
R021,F_PWM,,20000,,Hz,center_aligned_TIM1,accepted,USER_PLAN
R022,T_DEAD_INITIAL,,200,,ns,TIM1_and_driver_effective_sum,scope_tune,TI_DRV8353
R023,T_ADC_WINDOW_MIN,,3,,us,settling_blanking_conversion_budget,provisional,TI_INA241
R024,DUTY_MAX_INITIAL,,,0.85,ratio,minimum_valid_low_side_window,provisional,CALC
R025,R_SHUNT,,0.001,,ohm,three_four_terminal,accepted,BOURNS_CSS4J
R026,G_PRIMARY_CSA,,20,,V_per_V,INA241A2,selected,TI_INA241
R027,V_PRIMARY_CSA_BIAS,,1.5,,V,REF2030_VBIAS,selected,TI_REF2030
R028,V_ADC_REF,,3,,V,REF2030_VREF,selected,TI_REF2030
R029,V_DRV_CSA_REF,,3.3,,V,3V3_A_rail_VREF_DIV_1,selected,TI_DRV8353
R030,V_ADC_ANALOG_SUPPLY,,3.3,,V,filtered_3V3,selected,ST_G474
R031,ADC_BITS,,12,,bit,native_single_conversion,verified,ST_G474
R032,ADC_OVERSAMPLING,,,,ratio,valid_sample_windows_only,characterize,ST_RM0440
R033,I_PRIMARY_CSA_SPAN,-60,0,60,A,0.3_to_2.7V_ideal,calculated,CALC
R034,I_MOTOR_INITIAL_LIMIT,,0.5,,A_phase_peak,conservative_first_commutation,provisional,USER_PLAN
R035,I_MOTOR_NAMEPLATE,,,0.75,A,DC_input_or_phase_unspecified,user_report,USER_MOTOR
R036,V_MOTOR_NAMEPLATE,,,26,V,OEM_label,user_report,USER_MOTOR
R037,N_MOTOR_OUTPUT,,,125,rpm,OEM_label,user_report,USER_MOTOR
R038,V_HALL_TEST,,5,,V,only_after_pinout_confirmation,conditional,GROS_AS190
R039,V_HALL_FAMILY,3.8,,30,V,standard_family_not_OEM,verified,GROS_AS190
R040,V_HALL_INTERFACE,,5,,V,current_limited_default_off,selected,TI_TPS2553
R041,V_DIGITAL_IO,,3.3,5,V,buffered_inputs_not_24V_inputs,selected,TI_LVC3G17
R042,V_THROTTLE,0,,5,V,divider_RC_ESD_to_ADC,accepted,USER_PLAN
R043,C_DC_LINK_LEGACY,,792,,uF,4x33_plus_2x330,superseded,USER_PLAN
R044,C_DC_LINK_CANDIDATE,,1000,,uF,10x100_hybrid,captured_m02,CALC
R045,I_DC_LINK_CAP_RIPPLE,,16,,A_rms,20kHz_and_temperature_derated,target_unvalidated,CALC
R046,R_DUMP,2,10,25,ohm,external_load_resistor,provisional,USER_PLAN
R047,P_DUMP_10R_AT31V,,96.1,,W,external_heatsink_derating_required,calculated,CALC
R048,LAYER_COUNT,,4,,count,layout_user_owned,accepted,USER_PLAN
R049,COPPER_OUTER,,70,,um,2oz_fab_stackup_pending,target,USER_PLAN
R050,COPPER_INNER,,35,,um,1oz_fab_stackup_pending,target,USER_PLAN
R051,PCB_THICKNESS,,1.6,,mm,fab_stackup_pending,target,USER_PLAN
R052,T_PCB_LIMIT_START,,80,,degC,NTC_near_bridge,provisional,CALC
R053,T_PCB_LIMIT_STOP,,95,,degC,NTC_near_bridge,provisional,CALC
R054,T_JUNCTION_ACCEPT,,,125,degC,estimated_from_measured_case_and_loss,target_unvalidated,CALC
R055,T_WATCHDOG_TIMEOUT,,200,,ms,TPS3431_fixed_setting,selected,TI_TPS3431
R056,BRIDGE_ARM_DEFAULT,,0,,bool,hardware_pulldown_and_fault_latch,required,USER_PLAN
R057,USB_ONLY_BRIDGE_ENABLE,,0,,bool,bus_valid_hardware_interlock,required,USER_PLAN
R058,FAULT_AUTOMATIC_RESTART,,0,,bool,explicit_rearm_required,required,USER_PLAN
R059,REVERSE_POLARITY_ELECTRONIC,,0,,bool,keyed_connector_is_not_electrical_protection,accepted,USER_PLAN
R060,BENCH_REVERSE_BLOCKING,,1,,bool,unless_PSU_regen_rated,required,CALC
R061,EXTERNAL_SOURCE_FUSE,,1,,bool,DC_rated_near_source_size_by_harness,required,USER_PLAN
R062,ADC_CURRENT_SIMULTANEITY,,3,,channels,ADC1_ADC2_ADC3_trigger_route_pending,provisional,ST_RM0440
R063,CHOPPER_MCU_INDEPENDENCE,,1,,bool,bus_powered_reference_and_comparator,required,USER_PLAN
R064,USB_CURRENT_PRE_ENUM,,,100,mA,sensors_off_default_no_1A_USB_assumption,required,USER_PLAN
R065,PHASE_VOLTAGE_DIVIDER,,21,,ratio,100k_plus_100k_over_10k,provisional,CALC
R066,BOARD_OUTLINE,,,,mm,user_placement_decision,unset,USER_PLAN
R067,I_HW_WINDOW,-49.96,0,49.96,A,external_TLV9024_nominal,calculated_not_tested,TI_TLV9024
R068,I_DUMP_OCP,,20.8333,,A,3mohm_gain20_REF2025_1V25,calculated_not_tested,TI_INA180
R069,SERVICE_MODE_BRIDGE_ENABLE,,0,,bool,WD_RUN_LOW_hardware_interlock,captured_m02,USER_PLAN
R070,PCB_FAB,,PCBWay,,name,user_selected_2026_09_28,specified,USER_PLAN
R071,PCB_MIN_NPTH_CLEARANCE,,.2,,mm,nominal_design_rule,specified,PCBWAY_NPTH
R072,PCB_MIN_DRILL,,.2,,mm,nominal_design_rule,specified,PCBWAY_CAP
R073,PCB_MIN_VIA_ANNULUS,,.15,,mm,0p5_pad_0p2_drill,specified,PCBWAY_CAP
R074,DUMP_ADC_SCALE,,.036,,V_per_A,PA6_ADC2_IN3,specified,CALC
R075,UCPD_DEAD_BATTERY_DISABLE,,1,,bool,set_before_reading_PB4_fault,specified,ST_G474
