id,milestone,check,method,status
G001,M01,source_traceability,CSV_foreign_keys,passed
G002,M01,pinmap_physical_pins,KiCad_library_100pin_crosscheck,passed_library_only
G003,M01,calculation_reproducibility,script_vs_CSV,passed
G004,M01,schematic_hierarchy,KiCad_ERC_and_export,passed_structure_only
G005,M01,PCB_empty_4layer,pcbnew_reload,passed
G006,M01,architecture_legibility,SVG_render_visual_review,passed
G007,M02,driver_and_MOSFET_pinout,datasheet_pin_by_pin,pending
G008,M02,footprint_pad_numbers,manufacturer_land_pattern,pending
G009,M02,MCU_AF_ADC_COMP_routes,ST_datasheet_and_RM0440,pending
G010,M02,gate_pump_and_supply_budget,Qg_min_VM_max_temperature,pending
G011,M02,USB_only_bus_only_both,backfeed_and_startup_truth_table,pending
G012,M02,reset_crash_watchdog_fault,latched_hardware_enable_truth_table,pending
G013,M02,bipolar_current_trip,positive_negative_comparator_paths,pending
G014,M02,ADC_rail_and_injection,normal_fault_and_power_off_limits,pending
G015,M02,regen_psu_and_battery,source_sink_limits_and_dump_energy,pending
G016,M02,capacitor_ripple,frequency_temperature_and_sharing,pending
G017,M02,connector_pins,connector_cable_end_views,pending
G018,M03,ERC_electrical,zero_unexplained_violations,pending
G019,M03,netlist_independent_audit,exported_netlist_vs_pin_matrix,pending
G020,M03,visual_schematic,all_sheets_labels_connections,pending
G021,M04,power_loop_and_gate_loop,user_placement_review,pending
G022,M04,Kelvin_routes_ground_return,user_layout_review,pending
G023,M04,DRC_and_connectivity,live_canonical_PCB,pending
G024,M05,telemetry_accuracy,known_voltage_current_temperature,pending
G025,M05,hardware_faults,MCU_halt_OCP_bus_OV_USB_remove,pending
G026,M05,power_waveforms,VDS_VGS_deadtime_bus_overshoot,pending
G027,M05,continuous_current,thermal_soak_and_connector_temperature,pending
G028,M05,regen_faults,full_battery_PSU_reverse_blocking_dump_open,pending
