id,manufacturer,document,revision,url,locator,checked_utc,access
USER_PLAN,user,accepted_implementation_plan,2026-09-27,,conversation,2026-09-27,user
USER_MOTOR,user,OEM_nameplate_and_leads,2026-09-27,,conversation,2026-09-27,user
CALC,project,engineering_calculations,M01,,engineering/calculations.py,2026-09-27,local
KICAD_G474,KiCad,MCU_ST_STM32G4,10.0.4,https://gitlab.com/kicad/libraries/kicad-symbols,STM32G474V_B-C-E_Tx,2026-09-27,installed_library
GROS_AS190,Groschopp,AS-190,2_2013-01-31,https://www.groschopp.com/data/other/brushless-dc-motor-connection-diagram.pdf,p1,2026-09-27,local_pdf
GROS_57540,Groschopp,57540_BL6560_PS2120,catalog,https://www.groschopp.com/motor/57540/,product_specs,2026-09-27,web
GROS_7122,Groschopp,7122_BL6560,catalog,https://www.groschopp.com/motor/7122/,product_specs,2026-09-27,web
GROS_DB1120,Groschopp,DB1120D_manual,M_DB_1205D,https://www.groschopp.com/wp-content/uploads/2016/12/brushless-speed-control-manual-groschopp-750-30-0005.pdf,p3_p5,2026-09-27,web_pdf
ST_G474,STMicroelectronics,DS12288,6,https://www.st.com/resource/en/datasheet/stm32g474vc.pdf,pinout_p72_UCPD_p128_IO_p139_ADC,2026-09-28,web_pdf
ST_RM0440,STMicroelectronics,RM0440,latest_pending,https://www.st.com/resource/en/reference_manual/rm0440-stm32g4-series-advanced-armbased-32bit-mcus-stmicroelectronics.pdf,TIM1_ADC_COMP_DAC,2026-09-27,retrieval_pending
TI_DRV8353,Texas_Instruments,SLVSDY6,A,https://www.ti.com/lit/ds/symlink/drv8353.pdf,p6_p7_p10_p11_p14_p16_p41_p45_p63,2026-09-27,local_pdf
TI_INA241,Texas_Instruments,SBOSA30,D,https://www.ti.com/lit/ds/symlink/ina241a.pdf,p2_p3_p5_p6_p16_p18,2026-09-27,local_pdf
TI_INA240,Texas_Instruments,SBOS662,C,https://www.ti.com/lit/ds/symlink/ina240.pdf,electrical_characteristics,2026-09-27,web_pdf
TI_REF2030,Texas_Instruments,SBOS600,F_2026-07,https://www.ti.com/lit/gpn/REF20,p3_p4_p5_p6,2026-09-27,local_pdf
IFX_ISC011,Infineon,ISC011N06LM5,2.2_2022-09-23,https://www.infineon.com/assets/row/public/documents/24/49/infineon-isc011n06lm5-datasheet-en.pdf,p2_p3_p4_p5_p6,2026-09-28,local_pdf
BOURNS_CSS4J,Bourns,CSS4J-4026,2026-01,https://www.bourns.com/docs/product-datasheets/css4j-4026.pdf,p1_p2,2026-09-27,local_pdf
TI_LM5164,Texas_Instruments,LM5164,D,https://www.ti.com/lit/ds/symlink/lm5164.pdf,ratings_startup_application,2026-09-27,web_pdf
TI_TPS2116,Texas_Instruments,TPS2116,A,https://www.ti.com/lit/ds/symlink/tps2116.pdf,priority_reverse_blocking,2026-09-27,web
TI_TLV755,Texas_Instruments,TLV755P,D,https://www.ti.com/lit/ds/symlink/tlv755p.pdf,accuracy_dropout,2026-09-27,web_pdf
TI_TPS3431,Texas_Instruments,TPS3431,A,https://www.ti.com/lit/ds/symlink/tps3431.pdf,table8_1_timeout,2026-09-27,web_pdf
TI_TLV3012,Texas_Instruments,TLV3012B,C,https://www.ti.com/lit/ds/symlink/tlv3012.pdf,reference_offset_POR,2026-09-27,web_pdf
TI_UCC27511,Texas_Instruments,UCC27511A,A,https://www.ti.com/lit/ds/symlink/ucc27511a.pdf,input_logic_UVLO,2026-09-27,web_pdf
TI_TCAN3403,Texas_Instruments,TCAN340x_Q1,A,https://www.ti.com/lit/ds/symlink/tcan3403-q1.pdf,ratings_PIN_VIO_STB,2026-09-27,web_pdf
TI_TPS2553,Texas_Instruments,TPS255xx,F,https://www.ti.com/lit/ds/symlink/tps2553.pdf,current_limit_reverse_blocking,2026-09-27,web_pdf
TI_LVC3G17,Texas_Instruments,SN74LVC3G17,F,https://www.ti.com/lit/ds/symlink/sn74lvc3g17.pdf,5V5_inputs_Ioff,2026-09-27,web_pdf
ST_USBLC6,STMicroelectronics,USBLC6-2,7,https://www.st.com/resource/en/datasheet/usblc6-2.pdf,ESD_pinout,2026-09-27,web_pdf
ST_M24C64,STMicroelectronics,M24C64_R,product,https://www.st.com/en/memories/m24c64-r.html,8KB_I2C,2026-09-27,web
LF_SMCJ,Littelfuse,SMCJ,product,https://www.littelfuse.com/assetdocs/littelfuse_tvs_diode_smcj_datasheet.pdf?assetguid=37388813-0d6d-4329-969b-1aa8b7614ac1,SMCJ30A_row,2026-09-27,web_pdf
NICH_GXC,Nichicon,GXC,CAT8100N,https://www.nichicon.com/getmedia/80ac7576-2849-44de-b0a7-72796c2034f3/e-gxc.pdf,p1_frequency_p2_63V100uF_row,2026-09-27,local_pdf
NICH_UPW,Nichicon,UPW,series,https://www.nichicon.co.jp/products/pdfs/upw.pdf,UPW1J331MHD_63V_330uF,2026-09-27,web_pdf
JST_GH,JST,GH,series,https://www.jst-mfg.com/product/index.php?lang=2&series=105,1A_AWG26_50V,2026-09-27,web
PHOENIX_1707630,Phoenix_Contact,1707630,product,https://www.phoenixcontact.com/us/products/1707630/pdf,24A_7mm62,2026-09-27,web_pdf
IFX_6EDL7141,Infineon,6EDL7141,1.20,https://www.infineon.com/assets/row/public/documents/24/49/infineon-6edl7141-datasheet-en.pdf?fileId=8ac78c8c8e7ead30018ec7bd6aac46f3,60V_operating_70V_absolute,2026-09-27,web_pdf
TI_DRV8363,Texas_Instruments,DRV8363,2025-12,https://www.ti.com/product/DRV8363,external_12V_bootstrap,2026-09-27,web
TI_TLV1704,Texas_Instruments,TLV1704,D,https://www.ti.com/lit/ds/symlink/tlv1704.pdf,pinout_limits,2026-09-27,web_or_local_pdf
TI_INA180,Texas_Instruments,INA180,H,https://www.ti.com/lit/ds/symlink/ina180.pdf,A1_pinout_gain,2026-09-27,web_or_local_pdf
TI_TLV3201,Texas_Instruments,TLV3201,C,https://www.ti.com/lit/ds/symlink/tlv3201.pdf,pinout_delay,2026-09-27,web_or_local_pdf
TI_TLV9064,Texas_Instruments,TLV9064,N,https://www.ti.com/lit/ds/symlink/tlv9064.pdf,quad_pinout,2026-09-27,web_or_local_pdf
TI_TPS3808,Texas_Instruments,TPS3808,N,https://www.ti.com/lit/ds/symlink/tps3808.pdf,G33_G50_reset_CT,2026-09-27,web_or_local_pdf
TI_LVC1G74,Texas_Instruments,SN74LVC1G74,G,https://www.ti.com/lit/ds/symlink/sn74lvc1g74.pdf,pins3_5_nQ_Q,2026-09-27,web_or_local_pdf
TI_LVC244,Texas_Instruments,SN74LVC244A,AG,https://www.ti.com/lit/ds/symlink/sn74lvc244a.pdf,PW_pinout,2026-09-27,web_or_local_pdf
NXP_CAN_ESD,Nexperia,PESD2CANFD24V-T,2020-08,https://assets.nexperia.com/documents/data-sheet/PESD2CANFD24V-T.pdf,pins1_2_lines_pin3_common,2026-09-27,web_or_local_pdf
NXP_PMEG2010,Nexperia,PMEG2010ER,2023-07,https://assets.nexperia.com/documents/data-sheet/PMEG2010ER.pdf,CFP3_SOD123W,2026-09-27,web_or_local_pdf
MURATA_NCP18,Murata,NCP18,2023-12,https://www.murata.com/-/media/webrenewal/products/thermistor/ntc/ncp/ncp18.ashx?cvid=20231225010000000000&la=en,10k_B25_50_3380,2026-09-27,web_or_local_pdf
PHOENIX_1711725,Phoenix_Contact,1711725,product,https://www.phoenixcontact.com/us/products/1711725/pdf,24A_5p08,2026-09-27,web_or_local_pdf
ST_G4_LL_ADC,STMicroelectronics,stm32g4xx_ll_adc.h,master_snapshot_2026-09-27,https://github.com/STMicroelectronics/stm32g4xx-hal-driver/blob/master/Inc/stm32g4xx_ll_adc.h,trigger_and_interconnect_macros,2026-09-27,local_vendor_header
ST_G4_LL_COMP,STMicroelectronics,stm32g4xx_ll_comp.h,master_snapshot_2026-09-27,https://github.com/STMicroelectronics/stm32g4xx-hal-driver/blob/master/Inc/stm32g4xx_ll_comp.h,trigger_and_interconnect_macros,2026-09-27,local_vendor_header
ST_G4_LL_TIM,STMicroelectronics,stm32g4xx_ll_tim.h,master_snapshot_2026-09-27,https://github.com/STMicroelectronics/stm32g4xx-hal-driver/blob/master/Inc/stm32g4xx_ll_tim.h,trigger_and_interconnect_macros,2026-09-27,local_vendor_header
TI_TLV9024,Texas_Instruments,SNOSDA3,H_2025-11,https://www.ti.com/lit/ds/symlink/tlv9024.pdf,p5_quad_pinout_p13_electrical,2026-09-28,local_pdf
TI_LVC1G11,Texas_Instruments,SN74LVC1G11,datasheet,https://www.ti.com/lit/ds/symlink/sn74lvc1g11.pdf,pins_VIL_VIH_5V5_inputs,2026-09-28,local_pdf
TI_COT_TYPE3,Texas_Instruments,SNVA874,2019-03,https://www.ti.com/lit/an/snva874/snva874.pdf,in_phase_to_capacitive_ripple_ratio,2026-09-28,web_pdf
ST_STPS5H100AF,STMicroelectronics,STPS5H100AF,datasheet,https://www.st.com/resource/en/datasheet/stps5h100af.pdf,SOD128_dimensions_100V_5A,2026-09-28,web_pdf
NXP_BAV199,Nexperia,BAV199,datasheet,https://assets.nexperia.com/documents/data-sheet/BAV199.pdf,pinout_leakage80nA_150C,2026-09-28,web_pdf
NXP_BAT54H,Nexperia,BAT54H,2024-10-08,https://assets.nexperia.com/documents/data-sheet/BAT54H.pdf,Vf_25C_not_full_temperature_bound,2026-09-28,web_pdf
ABR_ABM3,Abracon,ABM3,2022-04-25,https://abracon.com/Resonators/ABM3.pdf,p1_ESR_C0_p2_ordercode_p3_land,2026-09-28,local_pdf
PANA_FC22U,Panasonic,EEUFC1J220,product,https://industrial.panasonic.com/sa/products/pt/aluminum-cap-lead/models/EEUFC1J220,63V22uF_6p3x11p2_P2p5,2026-09-28,web
TY_MSA22U,Taiyo_Yuden,MSAST32MSB7226KPNB25,product,https://ds.yuden.co.jp/TYCOMPAS/ap/detail?pn=MSAST32MSB7226KPNB25&u=M,22uF25V1210_mass_production_preferred,2026-09-28,web
TDK_CGA6,TDK,CGA6N3X7R2A225K230AB,product,https://product.tdk.com/en/search/capacitor/ceramic/mlcc/info?part_no=CGA6N3X7R2A225K230AB,1210_2u2_100V,2026-09-28,web
COIL_MSS1246,Coilcraft,MSS1246T_683,product,https://www.coilcraft.com/en-us/products/power/shielded-inductors/ferrite-drum/mss-mos/mss1246t/mss1246t-683/,68uH_DCR186m_Isat2A3,2026-09-28,web
GCT_USB4105,GCT,USB4105,B4_2023-12-18,https://gct.co/files/drawings/usb4105.pdf,locator_holes_ground_pads,2026-09-28,local_pdf
PCBWAY_CAP,PCBWay,PCB_capabilities,2026-09-28,https://www.pcbway.com/capabilities.html,drill_annulus_copper,2026-09-28,web
PCBWAY_NPTH,PCBWay,NPTH_design_rule,2026-09-28,https://www.pcbway.com/helpcenter/drill_hole_or_via_issues/NTPH_design_rule.html,0p2mm_copper_clearance,2026-09-28,web
PCBWAY_STACK,PCBWay,stackup,2026-09-28,https://www.pcbway.com/blog/Engineering_Technical/stackup___pcbway.html,standard_1oz_stack_not_confirmed_2oz_outer,2026-09-28,web
