id,state,gate,owner
M01_RESEARCH_INIT,complete,devlog_01,user
M02_SCHEMATIC,draft_complete,devlog_02,user
M03_SCHEMATIC_REVIEW,review_checkpoint_not_frozen,devlog_03,user
M04_PLACEMENT_ROUTING,pending,placement_review,user
M05_FIRMWARE_BRINGUP,pending,physical_hardware,user
SCHEMATIC_CIRCUITS,captured,M02_SCHEMATIC,design
SCHEMATIC_PRESENTATION,16_subsheets_A3_A4,M02_SCHEMATIC,design
SCHEMATIC_ERC,zero_errors_zero_warnings,M03_SCHEMATIC_REVIEW,design
PINMAP,reviewed_m03_UCPD_constraint,M02_SCHEMATIC,design
FOOTPRINTS,staged_444,M02_SCHEMATIC,design
PCB_OUTLINE,absent,M04_PLACEMENT_ROUTING,user
PCB_PLACEMENT,absent,M04_PLACEMENT_ROUTING,user
PCB_ROUTING,absent,M04_PLACEMENT_ROUTING,user
THERMAL_RATINGS,unvalidated,M05_FIRMWARE_BRINGUP,physical_test
MOTOR_OEM_PINOUT,unverified,M05_FIRMWARE_BRINGUP,physical_test
README,draft_updated_m03,devlog_01,user
JOURNAL,devlog_03_draft,devlog_01,user
GIT_COMMITS,user_managed,manual_user_commit,user
GITHUB_REMOTE,configured_by_user,explicit_user_instruction,user
LICENSE,unset,before_public_release,user
